id,firstName,lastName,email,gender,contactNo,country,age
1,Gothart,Collman,gcollman0@nymag.com,Male,33.118.148.3,China,20
2,Kinna,Cattellion,kcattellion1@shareasale.com,Bigender,162.241.200.38,Greece,20
3,Lishe,Klimochkin,lklimochkin2@latimes.com,Female,43.30.142.19,Indonesia,20
4,Butch,Millership,bmillership3@home.pl,Male,206.122.111.138,Russia,20
5,Yetty,Halgarth,yhalgarth4@salon.com,Female,160.24.81.170,China,20
6,Lutero,Phlipon,lphlipon5@gizmodo.com,Male,248.239.89.212,China,20
7,Crosby,Crowcum,ccrowcum6@ifeng.com,Male,149.143.179.226,China,20
8,Eugenius,Avard,eavard7@booking.com,Male,67.74.48.65,Brazil,20
9,Celeste,Blaik,cblaik8@hc360.com,Female,52.10.207.91,Sweden,20
10,Cindelyn,Fawcus,cfawcus9@auda.org.au,Female,232.46.41.10,United States,20
11,Elvis,De Bruijne,edebruijnea@bing.com,Male,38.33.252.223,Indonesia,20
12,Gothart,Fairbeard,gfairbeardb@marketwatch.com,Male,17.51.214.134,Iraq,20
13,Carey,Ranns,crannsc@dion.ne.jp,Male,122.146.251.203,China,38
14,Conn,Finkle,cfinkled@privacy.gov.au,Polygender,128.252.239.237,Poland,38
15,Joceline,Witcomb,jwitcombe@scientificamerican.com,Female,56.173.224.158,Sweden,38
16,Arte,Ablitt,aablittf@google.fr,Male,180.166.188.142,Philippines,38
17,Wood,Goodlad,wgoodladg@livejournal.com,Male,135.21.216.43,Canada,38
18,Hilario,Dobrovsky,hdobrovskyh@multiply.com,Male,6.95.174.135,Mauritania,38
19,Konstantin,Earnshaw,kearnshawi@soup.io,Male,220.253.231.52,China,38
20,Hatti,Gutherson,hguthersonj@arizona.edu,Female,70.190.248.37,Philippines,35
21,Royall,Smylie,rsmyliek@drupal.org,Male,91.34.83.102,Armenia,35
22,Myra,Shippard,mshippardl@hibu.com,Female,129.115.204.145,Russia,35
23,Lazare,Dracey,ldraceym@buzzfeed.com,Male,193.177.246.50,Peru,35
24,Ketti,Bamsey,kbamseyn@quantcast.com,Female,105.195.187.91,Nigeria,35
25,Lilas,Boughtflower,lboughtflowero@usatoday.com,Female,169.130.230.123,Sri Lanka,36
26,Rosalie,Headford,rheadfordp@behance.net,Female,140.248.240.195,Russia,35.5
27,Gabriel,Gutans,ggutansq@hp.com,Male,202.25.63.83,Morocco,35
28,Hamil,Ouver,houverr@yolasite.com,Male,235.192.1.47,Venezuela,
29,Andros,Sellor,asellors@usnews.com,Male,200.175.213.236,Indonesia,35
30,Gaelan,Reany,greanyt@china.com.cn,Male,49.88.59.173,Portugal,35
31,Dallas,Geraudel,dgeraudelu@vinaora.com,Polygender,126.54.205.97,Haiti,35
32,Cherise,de Guise,cdeguisev@utexas.edu,Female,113.242.24.22,Peru,35
33,Meir,Gerlack,mgerlackw@barnesandnoble.com,Male,230.165.236.119,Finland,35
34,Jourdan,Scatchar,jscatcharx@163.com,Female,120.221.122.93,Indonesia,35
35,Magnum,Baitman,mbaitmany@mysql.com,Male,153.13.51.28,Philippines,35
36,Berrie,Bozward,bbozwardz@simplemachines.org,Genderqueer,98.81.244.7,Nigeria,35
37,Neale,Wakeham,nwakeham10@webeden.co.uk,Male,149.250.22.250,Venezuela,Hi
38,Sibylla,Quantrill,squantrill11@lulu.com,Female,19.152.36.226,Malta,35
39,Ange,Bolstridge,abolstridge12@qq.com,Male,109.140.83.9,United States,35
40,Mattie,Kimbly,mkimbly13@google.cn,Female,188.127.14.64,Argentina,35
41,Even,Praundlin,epraundlin14@so-net.ne.jp,Male,41.24.203.217,Peru,35
42,Faina,Beedie,fbeedie15@nasa.gov,Female,145.184.46.118,Indonesia,35
43,Glyn,Runnett,grunnett16@bbc.co.uk,Male,28.78.80.64,China,35
44,Lebbie,Keyser,lkeyser17@businesswire.com,Genderqueer,30.114.36.132,China,35
45,Leoine,Grass,lgrass18@hhs.gov,Female,74.184.245.252,Poland,35
46,Nalani,Suddick,nsuddick19@vkontakte.ru,Female,71.246.75.125,Palestinian Territory,35
47,Kerwin,Bassham,kbassham1a@photobucket.com,Male,78.66.220.43,Indonesia,35
48,Jacenta,Wilce,jwilce1b@usatoday.com,Female,196.13.241.252,China,35
49,Billy,Rosbottom,brosbottom1c@purevolume.com,Female,39.255.186.144,Czech Republic,35
50,Victor,Gotthard.sf,vgotthardsf1d@dailymail.co.uk,Male,203.42.99.58,China,35
51,Helena,Durward,hdurward1e@ft.com,Female,26.9.28.156,Indonesia,35
52,Loralyn,Morot,lmorot1f@tripod.com,Female,130.165.82.75,Poland,35
53,Kirby,Klasen,kklasen1g@wordpress.com,Female,20.78.175.203,Indonesia,35
54,Wilhelmina,Forrestor,wforrestor1h@yale.edu,Female,44.60.198.212,France,35
55,Ginevra,Bembrick,gbembrick1i@usatoday.com,Female,94.229.185.168,Philippines,35
56,Tynan,Wilbraham,twilbraham1j@sogou.com,Male,42.215.214.217,Kenya,35
57,Monte,Ibanez,mibanez1k@google.de,Male,14.87.30.80,China,35
58,Loni,Purchon,lpurchon1l@gmpg.org,Female,161.52.41.7,Philippines,35
59,Vida,Boykett,vboykett1m@indiatimes.com,Female,142.57.6.168,Portugal,35
60,Merill,Penny,mpenny1n@yelp.com,Male,214.112.18.168,Indonesia,35
61,Clovis,Janjic,cjanjic1o@jiathis.com,Female,166.150.23.32,Sweden,35
62,Laird,Petranek,lpetranek1p@arizona.edu,Male,113.22.216.51,Poland,35
63,Brianna,Tebbutt,btebbutt1q@rakuten.co.jp,Female,155.175.184.70,Philippines,35
64,Joyous,Dougliss,jdougliss1r@github.io,Female,166.137.216.98,Brazil,35
65,Jodi,Gollop,jgollop1s@amazon.co.jp,Female,211.172.109.171,Indonesia,35
66,Heindrick,Pesik,hpesik1t@nymag.com,Male,152.93.67.186,China,35
67,Joellyn,Trethewey,jtrethewey1u@usatoday.com,Female,199.207.135.17,Czech Republic,35
68,Deirdre,Earwaker,dearwaker1v@github.io,Female,166.192.254.46,Philippines,35
69,Gianina,Edelmann,gedelmann1w@simplemachines.org,Female,188.143.211.138,Colombia,35
70,Broddie,Attew,battew1x@privacy.gov.au,Male,29.57.20.183,China,35
71,Carolynn,Duddan,cduddan1y@google.com.hk,Female,167.215.49.64,Dominican Republic,35
72,Davy,Castaner,dcastaner1z@netscape.com,Male,150.211.252.224,China,35
73,Ansel,Sissons,asissons20@apache.org,Male,11.226.39.107,China,35
74,Odille,McGirr,omcgirr21@dell.com,Female,174.149.52.174,Colombia,35
75,Germain,Seery,gseery22@constantcontact.com,Male,222.40.223.128,Thailand,35
76,Burg,McComiskey,bmccomiskey23@blog.com,Male,205.66.65.124,Norway,35
77,Steven,Creed,screed24@bigcartel.com,Male,245.233.241.240,Czech Republic,35
78,Theresina,Babe,tbabe25@seesaa.net,Female,81.100.158.237,Togo,35
79,Lucie,Garoghan,lgaroghan26@google.nl,Female,31.168.20.13,Venezuela,35
80,Jarrad,Phlippi,jphlippi27@marriott.com,Male,115.238.188.182,Indonesia,35
81,Spense,Barrat,sbarrat28@nationalgeographic.com,Agender,7.119.24.23,China,35
82,Thoma,Spencock,tspencock29@uiuc.edu,Male,16.199.51.163,Indonesia,35
83,Vannie,Fontenot,vfontenot2a@arstechnica.com,Female,239.79.86.243,Venezuela,35
84,Karlene,MacAllen,kmacallen2b@com.com,Female,228.85.71.159,Panama,35
85,Lisa,Champion,lchampion2c@skyrock.com,Female,121.136.254.210,Czech Republic,35
86,Niels,Chinery,nchinery2d@nba.com,Male,215.149.174.12,Japan,35
87,Rafferty,Arkell,rarkell2e@census.gov,Male,234.157.227.78,Indonesia,35
88,Veradis,Hanks,vhanks2f@google.com.hk,Bigender,78.131.175.166,United States,35
89,Nessie,Richings,nrichings2g@home.pl,Female,224.140.219.128,Philippines,35
90,Maxim,Cavanaugh,mcavanaugh2h@a8.net,Male,190.72.225.144,Russia,35
91,Malanie,Aylett,maylett2i@sina.com.cn,Female,75.86.208.72,Morocco,35
92,Roderic,Crowhurst,rcrowhurst2j@theatlantic.com,Male,218.67.38.24,Poland,35
93,Onfre,Rentoll,orentoll2k@discuz.net,Male,180.10.78.143,Egypt,35
94,Mab,Shank,mshank2l@disqus.com,Female,6.73.122.121,Poland,35
95,Bethanne,Ratnage,bratnage2m@arizona.edu,Female,235.194.119.217,Malaysia,35
96,Mahala,Reck,mreck2n@wikispaces.com,Female,50.22.81.187,Spain,35
97,Corissa,Plevey,cplevey2o@fema.gov,Female,31.230.193.87,China,35
98,Mallory,Drabble,mdrabble2p@irs.gov,Male,95.2.97.100,Poland,35
99,Pennie,Redgrove,predgrove2q@soundcloud.com,Female,181.104.218.124,China,35
100,Aigneis,Luchelli,aluchelli2r@howstuffworks.com,Female,46.234.137.250,Japan,35
101,Bamby,Hrinchenko,bhrinchenko2s@desdev.cn,Female,0.103.156.224,South Africa,35
102,Erhart,Fellini,efellini2t@reference.com,Male,15.129.174.255,Brazil,35
103,James,Cicullo,jcicullo2u@apache.org,Male,18.160.174.39,Poland,35
104,Eden,Baddeley,ebaddeley2v@linkedin.com,Female,53.222.236.25,Northern Mariana Islands,35
105,Dana,Zellner,dzellner2w@nymag.com,Male,217.152.159.197,France,35
106,Eben,Teather,eteather2x@intel.com,Male,39.237.133.76,Brazil,35
107,Winn,Frangleton,wfrangleton2y@canalblog.com,Male,204.13.2.23,Russia,35
108,Will,Saffin,wsaffin2z@ovh.net,Male,127.225.189.86,Canada,35
109,Cindie,Grinley,cgrinley30@desdev.cn,Female,43.163.87.186,Argentina,35
110,Lamond,Fulle,lfulle31@ycombinator.com,Male,139.74.108.21,Indonesia,35
111,Nellie,Ridett,nridett32@cisco.com,Female,61.59.166.31,Indonesia,35
112,Rik,Kaesmakers,rkaesmakers33@com.com,Male,25.135.37.168,North Korea,35
113,Bernelle,Montfort,bmontfort34@ifeng.com,Female,190.154.82.18,Indonesia,35
114,Bellina,McGaugie,bmcgaugie35@infoseek.co.jp,Female,64.168.65.131,Canada,35
115,Monro,Ledur,mledur36@wikipedia.org,Male,184.199.181.175,Portugal,35
116,Theadora,Kerridge,tkerridge37@dailymail.co.uk,Female,1.143.52.70,Indonesia,35
117,Fernandina,Veldman,fveldman38@oaic.gov.au,Female,155.74.65.43,Portugal,35
118,Larry,McTavy,lmctavy39@surveymonkey.com,Male,199.110.116.142,Kazakhstan,35
119,Bernetta,Kedie,bkedie3a@example.com,Female,75.134.203.223,Russia,35
120,Cary,Cordner,ccordner3b@sciencedirect.com,Female,138.145.159.195,China,35
121,Crichton,Abbotts,cabbotts3c@joomla.org,Male,51.198.37.45,Thailand,35
122,Daniela,Mars,dmars3d@theglobeandmail.com,Female,199.13.146.20,Portugal,35
123,Bradford,Faust,bfaust3e@google.it,Male,69.42.251.56,China,35
124,Derrick,Chiles,dchiles3f@princeton.edu,Agender,154.125.33.37,Indonesia,35
125,Raynard,Saleway,rsaleway3g@whitehouse.gov,Male,71.71.210.206,Sri Lanka,35
126,Carry,Leadbeatter,cleadbeatter3h@toplist.cz,Female,98.199.139.129,Burkina Faso,35
127,Ulrick,Lautie,ulautie3i@constantcontact.com,Non-binary,5.99.195.82,China,35
128,Sisile,Linzey,slinzey3j@arstechnica.com,Female,64.142.74.10,Laos,35
129,Linoel,Conquest,lconquest3k@comsenz.com,Male,126.242.12.69,Philippines,35
130,Edithe,Rawkesby,erawkesby3l@hugedomains.com,Female,76.79.83.146,Senegal,35
131,Cesya,Micallef,cmicallef3m@narod.ru,Female,101.185.135.2,Russia,35
132,Benedick,Beetlestone,bbeetlestone3n@dot.gov,Male,55.18.177.102,Portugal,35
133,Sayres,Antosik,santosik3o@php.net,Male,21.179.113.53,Thailand,35
134,Marnie,Gwilym,mgwilym3p@sakura.ne.jp,Female,68.139.255.64,Ethiopia,35
135,Cicily,Beckley,cbeckley3q@dot.gov,Female,190.189.197.137,Russia,35
136,Jeramie,Haggleton,jhaggleton3r@sphinn.com,Male,215.129.75.94,Tunisia,35
137,Rolf,Wisedale,rwisedale3s@walmart.com,Male,231.205.68.240,Brazil,35
138,Mattheus,Lehrian,mlehrian3t@tiny.cc,Male,156.160.118.110,Jamaica,35
139,Tillie,Seacroft,tseacroft3u@g.co,Female,160.165.187.52,Bosnia and Herzegovina,35
140,Norean,Lawtie,nlawtie3v@thetimes.co.uk,Female,51.30.105.247,Indonesia,35
141,Camel,Belison,cbelison3w@geocities.com,Female,55.120.58.81,Burkina Faso,35
142,Tybie,Garken,tgarken3x@howstuffworks.com,Female,221.10.210.110,Peru,35
143,Torie,Brood,tbrood3y@bing.com,Female,102.111.129.186,Burkina Faso,35
144,Danni,Stubbin,dstubbin3z@symantec.com,Female,26.12.92.253,China,35
145,Stace,Guilloneau,sguilloneau40@nsw.gov.au,Female,13.63.125.205,Pakistan,35
146,Celia,Rootham,crootham41@europa.eu,Female,115.244.38.248,China,35
147,Jermain,Nabbs,jnabbs42@linkedin.com,Polygender,208.19.141.32,Albania,35
148,Kane,Giamo,kgiamo43@trellian.com,Male,108.217.75.190,China,35
149,Alexia,Van Oort,avanoort44@webnode.com,Female,27.66.8.212,Canada,35
150,Janette,Duding,jduding45@whitehouse.gov,Female,92.81.126.231,Thailand,35
151,Maxy,Kalinsky,mkalinsky46@w3.org,Male,212.163.56.17,Croatia,35
152,Dick,Ewbanks,dewbanks47@comsenz.com,Male,106.49.206.51,Argentina,35
153,Byram,McGuiney,bmcguiney48@tripod.com,Male,40.118.31.165,Philippines,35
154,Arnoldo,Heis,aheis49@wp.com,Male,55.252.43.171,Sweden,35
155,Brander,Robroe,brobroe4a@jugem.jp,Male,27.0.167.114,Palestinian Territory,35
156,Madeline,Bernardinelli,mbernardinelli4b@eepurl.com,Female,192.192.49.232,China,35
157,Alethea,Bines,abines4c@oaic.gov.au,Female,90.183.165.251,Sweden,35
158,Meta,Mansion,mmansion4d@google.com.br,Female,16.213.159.79,France,35
159,Martyn,Antonacci,mantonacci4e@dropbox.com,Male,34.155.2.151,Brazil,35
160,Charin,Corish,ccorish4f@webnode.com,Female,153.188.2.63,United States,35
161,Helenelizabeth,Kose,hkose4g@xrea.com,Female,33.190.21.183,Greece,35
162,Ezmeralda,Kingaby,ekingaby4h@ovh.net,Female,161.146.146.80,Serbia,35
163,Yuri,Livsey,ylivsey4i@linkedin.com,Male,92.98.250.56,China,35
164,Nowell,Bantham,nbantham4j@nps.gov,Male,15.109.63.194,Indonesia,35
165,Alverta,Furtado,afurtado4k@cbsnews.com,Female,112.97.157.236,Macedonia,35
166,Elizabeth,Isacoff,eisacoff4l@engadget.com,Female,86.114.99.211,Indonesia,35
167,Buckie,Schaben,bschaben4m@msn.com,Male,181.67.91.133,Iran,35
168,Arvie,McGinlay,amcginlay4n@freewebs.com,Male,145.244.99.34,Democratic Republic of the Congo,35
169,Pedro,Zelley,pzelley4o@clickbank.net,Male,199.179.172.137,Brazil,35
170,Blinni,Stute,bstute4p@addtoany.com,Female,81.191.57.57,Poland,35
171,Hatti,Hollingdale,hhollingdale4q@samsung.com,Female,108.205.172.9,Indonesia,35
172,Berke,Heintz,bheintz4r@microsoft.com,Male,59.101.223.251,Iran,35
173,Alvin,Tomczak,atomczak4s@fastcompany.com,Male,104.130.72.14,Greece,35
174,Alexandra,Lamb-shine,alambshine4t@ed.gov,Female,231.97.218.120,Honduras,35
175,Margaretha,Episcopio,mepiscopio4u@de.vu,Female,69.144.230.198,France,35
176,Findlay,Brammer,fbrammer4v@trellian.com,Male,2.57.157.77,Brazil,35
177,Rollin,D'Souza,rdsouza4w@about.me,Male,174.233.205.29,Reunion,35
178,Adele,Fogt,afogt4x@rakuten.co.jp,Female,156.27.205.176,Vietnam,35
179,Hulda,Blabie,hblabie4y@dropbox.com,Female,179.133.233.76,Portugal,35
180,Vito,Trever,vtrever4z@spotify.com,Male,189.173.137.21,Paraguay,35
181,Renae,Geerits,rgeerits50@google.com.br,Female,144.250.8.213,Indonesia,35
182,Roanne,Margetts,rmargetts51@cpanel.net,Female,149.28.192.126,Indonesia,35
183,Andrej,Kassel,akassel52@hubpages.com,Male,246.201.141.178,Venezuela,35
184,Lonna,Spaughton,lspaughton53@ibm.com,Female,215.177.4.11,China,35
185,Gonzales,Woehler,gwoehler54@jugem.jp,Bigender,126.52.140.10,Spain,35
186,Bryn,Peatman,bpeatman55@tinypic.com,Male,162.39.246.12,Nigeria,35
187,Hildegaard,O'Cannan,hocannan56@yellowbook.com,Female,32.103.119.229,Poland,35
188,Rivi,Rostern,rrostern57@eventbrite.com,Bigender,49.189.193.16,Hungary,35
189,Gallagher,Bawden,gbawden58@mayoclinic.com,Male,30.115.244.215,Philippines,35
190,Llywellyn,Sprott,lsprott59@engadget.com,Male,224.124.158.212,Peru,35
191,Ced,Boreham,cboreham5a@mit.edu,Male,23.185.86.247,China,35
192,Emerson,Birden,ebirden5b@netscape.com,Male,238.224.62.32,Thailand,35
193,Charyl,Matyushkin,cmatyushkin5c@paginegialle.it,Female,2.201.151.206,Serbia,35
194,Farrell,Dimmer,fdimmer5d@msu.edu,Male,94.60.207.53,Portugal,35
195,Cirstoforo,Yitzhakov,cyitzhakov5e@marriott.com,Male,223.168.58.131,Indonesia,35
196,Sharlene,Jarley,sjarley5f@adobe.com,Female,153.49.48.211,Indonesia,35
197,Reinhold,Bowen,rbowen5g@ezinearticles.com,Male,93.71.26.222,China,35
198,Burt,Concklin,bconcklin5h@hp.com,Male,232.10.42.62,Brazil,35
199,Danell,Digges,ddigges5i@admin.ch,Female,168.105.188.243,Indonesia,35
200,Filberto,Bilbrook,fbilbrook5j@dion.ne.jp,Non-binary,15.195.64.183,Bulgaria,35
201,Korie,Dumberell,kdumberell5k@prlog.org,Female,54.103.85.43,China,35
202,Sondra,Ivashchenko,sivashchenko5l@weather.com,Non-binary,115.27.153.62,Portugal,35
203,Frannie,Allport,fallport5m@webs.com,Female,7.134.185.164,China,35
204,Seamus,Vaun,svaun5n@samsung.com,Male,100.19.102.4,Thailand,40
205,Brock,Beardon,bbeardon5o@google.it,Male,105.6.251.217,China,40
206,Annissa,Raiston,araiston5p@vimeo.com,Female,139.138.60.177,Israel,40
207,Diahann,Castanyer,dcastanyer5q@spiegel.de,Female,207.251.170.162,China,40
208,Jyoti,Aspland,jaspland5r@ycombinator.com,Female,118.94.49.203,China,40
209,Sherwynd,Hucklesby,shucklesby5s@hibu.com,Male,223.189.249.13,China,40
210,Pall,Joska,pjoska5t@fc2.com,Male,194.37.181.141,Brazil,40
211,Roze,Dreger,rdreger5u@e-recht24.de,Female,222.134.165.2,Colombia,40
212,Sophi,Freak,sfreak5v@domainmarket.com,Female,176.239.10.65,China,40
213,Marilin,Sullivan,msullivan5w@list-manage.com,Female,21.237.197.217,Indonesia,40
214,Casey,Bussen,cbussen5x@miitbeian.gov.cn,Male,169.69.19.136,Portugal,40
215,Dudley,Louthe,dlouthe5y@businesswire.com,Male,72.126.247.95,Portugal,40
216,Dugald,Marciek,dmarciek5z@aboutads.info,Male,68.30.180.11,Czech Republic,40
217,Idelle,Nyssen,inyssen60@networksolutions.com,Polygender,4.56.125.124,Canada,40
218,Darcie,Dreus,ddreus61@xrea.com,Genderfluid,67.238.113.184,Kazakhstan,40
219,Robb,Burburough,rburburough62@gravatar.com,Male,178.100.216.53,China,40
220,Byrann,Croci,bcroci63@yolasite.com,Male,83.219.112.127,China,40
221,Fawn,Cammish,fcammish64@nytimes.com,Female,150.202.193.193,Sweden,40
222,Ogdan,Du Hamel,oduhamel65@usatoday.com,Male,117.185.102.17,Portugal,40
223,Hildy,Patience,hpatience66@google.de,Female,253.242.86.128,United States,40
224,Elisabet,Kilshall,ekilshall67@wordpress.com,Female,12.89.0.55,Canada,40
225,Annmarie,Stepto,astepto68@archive.org,Female,235.103.172.248,Germany,40
226,Meredith,Akker,makker69@apache.org,Male,110.136.41.231,Marshall Islands,40
227,Catlee,Asken,casken6a@shinystat.com,Female,182.92.3.15,Brazil,40
228,Luise,Jaouen,ljaouen6b@utexas.edu,Female,127.179.56.152,Poland,40
229,Wendeline,Copcote,wcopcote6c@jugem.jp,Female,241.63.224.228,Brazil,40
230,Wendeline,Brookesbie,wbrookesbie6d@printfriendly.com,Female,133.101.203.234,Uzbekistan,40
231,Othilia,Bimson,obimson6e@google.com.br,Female,77.140.119.29,China,40
232,Rollins,Pepin,rpepin6f@shareasale.com,Male,106.222.85.127,China,40
233,Nonah,Cecere,ncecere6g@1und1.de,Female,29.236.242.41,China,40
234,Roscoe,Pavis,rpavis6h@about.com,Male,145.109.13.59,Indonesia,40
235,Tracie,Boadby,tboadby6i@list-manage.com,Genderqueer,55.55.140.129,Ukraine,40
236,Lilllie,Creebo,lcreebo6j@hc360.com,Female,85.71.185.163,Indonesia,40
237,Mathew,Porritt,mporritt6k@bizjournals.com,Male,95.136.93.39,Aland Islands,40
238,Iorgo,Kingescot,ikingescot6l@china.com.cn,Genderqueer,245.101.27.22,China,40
239,Dorolice,Hollyland,dhollyland6m@sbwire.com,Female,246.161.164.70,Japan,40
240,Freemon,Kime,fkime6n@vk.com,Male,118.79.36.9,China,40
241,Gustie,Aldren,galdren6o@vimeo.com,Female,95.229.241.153,China,40
242,Billi,Golds,bgolds6p@hexun.com,Female,108.20.36.127,Poland,40
243,Ann,Fernier,afernier6q@cisco.com,Female,153.22.246.82,China,40
244,Kathie,Bunting,kbunting6r@etsy.com,Female,33.160.84.141,Russia,40
245,Lori,Greenway,lgreenway6s@opera.com,Female,100.60.154.11,Japan,40
246,Donetta,Melwall,dmelwall6t@facebook.com,Female,35.169.104.245,United States,40
247,Coralyn,Zaczek,czaczek6u@wordpress.com,Female,195.44.48.32,Sweden,40
248,Cacilie,Temperley,ctemperley6v@irs.gov,Female,4.222.157.170,Nigeria,40
249,Vanya,Smallacombe,vsmallacombe6w@washington.edu,Male,2.33.194.226,Poland,40
250,Natividad,Hammerstone,nhammerstone6x@timesonline.co.uk,Female,220.168.215.154,United States,40
251,Rem,Bearsmore,rbearsmore6y@topsy.com,Male,114.161.153.108,Greece,40
252,Bettye,Pridden,bpridden6z@cnbc.com,Female,20.74.75.112,Dominican Republic,40
253,Lon,Swalough,lswalough70@cargocollective.com,Male,23.186.151.63,Canada,40
254,Deanna,Eberst,deberst71@sbwire.com,Female,188.61.245.2,Uganda,40
255,Waly,Radborn,wradborn72@blogger.com,Female,196.208.4.168,Bosnia and Herzegovina,40
256,Robb,Eastmead,reastmead73@globo.com,Male,64.66.137.198,Syria,40
257,Carie,Densumbe,cdensumbe74@addtoany.com,Female,50.182.32.169,Thailand,40
258,Ingra,Kilfedder,ikilfedder75@howstuffworks.com,Male,48.32.234.86,Honduras,40
259,Almeda,McGowran,amcgowran76@reverbnation.com,Female,181.196.99.90,Indonesia,40
260,Mark,Kampshell,mkampshell77@chron.com,Male,83.24.166.30,Philippines,40
261,Aleta,Faughey,afaughey78@stanford.edu,Female,192.218.201.120,Sweden,40
262,Taddeusz,Heaphy,theaphy79@go.com,Male,106.94.162.70,Portugal,40
263,Lonee,Baynard,lbaynard7a@networksolutions.com,Female,12.173.235.14,Indonesia,40
264,Matty,O'Carmody,mocarmody7b@fda.gov,Male,16.227.204.114,Malaysia,40
265,Tommy,Strond,tstrond7c@bravesites.com,Male,18.102.106.91,Russia,40
266,Jonis,Braniff,jbraniff7d@theatlantic.com,Female,173.56.186.240,Colombia,40
267,Julieta,Coneybeer,jconeybeer7e@elpais.com,Female,103.115.55.51,Spain,40
268,Angelika,Davidek,adavidek7f@ocn.ne.jp,Genderqueer,54.183.29.155,Russia,40
269,Walt,Bison,wbison7g@topsy.com,Male,100.255.135.84,Peru,40
270,Dolf,Semon,dsemon7h@vkontakte.ru,Male,230.155.222.215,Tunisia,40
271,Abby,Youthed,ayouthed7i@disqus.com,Male,221.80.184.145,Colombia,40
272,Rik,Vicioso,rvicioso7j@fc2.com,Male,180.222.181.3,Indonesia,40
273,Vitia,Towle,vtowle7k@cdbaby.com,Female,221.64.170.24,Japan,40
274,Arlette,Morando,amorando7l@bizjournals.com,Female,38.103.8.164,United States,40
275,Eddie,Hepher,ehepher7m@nifty.com,Male,93.10.118.34,Philippines,40
276,Elsy,Bullar,ebullar7n@sphinn.com,Female,187.38.147.35,China,40
277,Julienne,Galway,jgalway7o@princeton.edu,Female,52.207.19.45,China,40
278,Rahal,Adriano,radriano7p@technorati.com,Female,87.130.118.114,Portugal,40
279,Zak,Donegan,zdonegan7q@csmonitor.com,Male,165.56.207.188,China,40
280,Klara,Jelf,kjelf7r@zimbio.com,Female,197.243.7.19,China,40
281,Ileana,Joao,ijoao7s@oakley.com,Female,78.148.84.66,Mexico,40
282,Bambie,Isac,bisac7t@wunderground.com,Female,248.77.192.246,China,40
283,Hailee,Hedling,hhedling7u@prnewswire.com,Female,22.3.56.8,China,40
284,Issie,Bench,ibench7v@vinaora.com,Female,26.82.254.72,Czech Republic,40
285,Euphemia,Whittles,ewhittles7w@simplemachines.org,Female,165.222.98.70,China,40
286,Wrennie,McKeaney,wmckeaney7x@icio.us,Female,5.175.59.36,Indonesia,40
287,Neil,Stolle,nstolle7y@cpanel.net,Male,200.81.255.93,Iran,40
288,Mathe,Dear,mdear7z@baidu.com,Male,146.60.103.125,Brazil,40
289,Maryanne,Kelleher,mkelleher80@ifeng.com,Female,2.148.152.175,China,40
290,Murdock,Micheu,mmicheu81@wufoo.com,Male,120.57.31.135,Indonesia,40
291,Zolly,Clousley,zclousley82@gmpg.org,Male,236.19.223.231,Ethiopia,40
292,Gamaliel,Kingswell,gkingswell83@house.gov,Male,193.96.200.68,China,40
293,Konstanze,Waterhouse,kwaterhouse84@nih.gov,Female,227.50.223.130,Brazil,40
294,Berkie,Robilliard,brobilliard85@telegraph.co.uk,Male,187.33.28.249,France,40
295,Vera,Kasman,vkasman86@de.vu,Female,93.46.120.70,Russia,40
296,Graham,Nowakowska,gnowakowska87@zdnet.com,Male,50.234.94.131,Kyrgyzstan,40
297,Dena,Batecok,dbatecok88@is.gd,Female,61.237.74.241,China,40
298,Gloriana,Sayburn,gsayburn89@gmpg.org,Female,250.221.25.206,China,40
299,Effie,Ivic,eivic8a@furl.net,Genderfluid,103.21.120.16,Indonesia,40
300,Kristan,Pesak,kpesak8b@lulu.com,Female,181.19.190.60,Argentina,40
301,Godwin,Iannello,giannello8c@ebay.co.uk,Male,26.212.114.92,Mexico,40
302,Elia,Margram,emargram8d@omniture.com,Male,197.0.102.159,Philippines,40
303,Lexie,Lankford,llankford8e@google.co.uk,Female,165.3.74.161,Tanzania,18
304,Adrian,Yeoman,ayeoman8f@paypal.com,Male,98.149.201.13,China,18
305,Lonna,Hallifax,lhallifax8g@t.co,Female,221.0.130.218,France,18
306,Cynthie,Trevon,ctrevon8h@furl.net,Female,134.33.165.230,Thailand,18
307,Mikey,Drysdale,mdrysdale8i@tripod.com,Male,37.77.173.122,Brazil,18
308,Giselbert,Beal,gbeal8j@reddit.com,Male,156.196.214.11,Mexico,18
309,Mendel,Chritchley,mchritchley8k@jiathis.com,Male,48.138.178.240,China,18
310,Fredra,Withull,fwithull8l@statcounter.com,Female,35.17.234.52,China,18
311,Veronika,Phelp,vphelp8m@ehow.com,Female,168.98.53.132,Madagascar,18
312,Auberon,Bowra,abowra8n@independent.co.uk,Non-binary,3.93.66.20,China,18
313,Lion,Gronav,lgronav8o@boston.com,Male,203.131.6.41,Brazil,18
314,Antonia,Screeton,ascreeton8p@umn.edu,Female,49.143.122.136,North Korea,18
315,Timothee,Kulicke,tkulicke8q@mashable.com,Male,217.148.209.244,Japan,18
316,Isaiah,Doumic,idoumic8r@bigcartel.com,Male,242.129.158.38,Madagascar,18
317,Jarid,Sotham,jsotham8s@skype.com,Male,237.203.151.87,China,18
318,Dewey,Keyes,dkeyes8t@photobucket.com,Male,2.87.105.62,China,18
319,Kalina,Petigrew,kpetigrew8u@independent.co.uk,Polygender,160.49.214.39,Panama,18
320,Maurice,Packwood,mpackwood8v@nhs.uk,Male,22.5.215.216,Czech Republic,18
321,Ode,Cosely,ocosely8w@dedecms.com,Male,172.117.56.177,Poland,18
322,Bret,Swyn,bswyn8x@purevolume.com,Male,169.169.54.187,France,18
323,Fulton,Lorryman,florryman8y@cbc.ca,Male,50.144.117.203,Turkmenistan,18
324,Abigale,Eshmade,aeshmade8z@examiner.com,Female,162.245.162.111,Uganda,18
325,Danny,McBrady,dmcbrady90@intel.com,Female,75.144.124.146,China,18
326,Vail,Dallman,vdallman91@pcworld.com,Male,53.138.245.236,Russia,18
327,Forest,Bownas,fbownas92@cisco.com,Male,226.220.4.79,Portugal,18
328,Rudolph,Gresham,rgresham93@hhs.gov,Male,150.14.93.207,China,18
329,Stefanie,Gaskell,sgaskell94@marriott.com,Female,173.87.224.152,Indonesia,18
330,Regan,Falla,rfalla95@shinystat.com,Non-binary,101.68.251.48,Philippines,18
331,Krissy,Gonthier,kgonthier96@ucla.edu,Female,8.141.74.78,China,18
332,Guillema,Putt,gputt97@nationalgeographic.com,Female,141.173.179.44,Poland,18
333,Tamarra,Blowing,tblowing98@ameblo.jp,Female,177.184.68.115,Argentina,18
334,Shae,McCoid,smccoid99@i2i.jp,Male,44.175.187.109,Poland,18
335,Hamlen,Castagno,hcastagno9a@dagondesign.com,Male,55.254.50.176,Venezuela,18
336,Sibby,Matokhnin,smatokhnin9b@arizona.edu,Female,10.171.142.233,China,18
337,Dania,Dosdill,ddosdill9c@zimbio.com,Female,182.22.247.82,United States,18
338,Dave,Klimaszewski,dklimaszewski9d@deliciousdays.com,Male,10.161.183.160,Philippines,18
339,Vitia,Diplock,vdiplock9e@admin.ch,Female,17.43.191.78,Indonesia,18
340,Clevey,Grob,cgrob9f@mail.ru,Bigender,86.146.136.30,Sweden,18
341,Oliviero,Honeyghan,ohoneyghan9g@wufoo.com,Male,93.117.228.86,Brazil,18
342,Fred,Moles,fmoles9h@mit.edu,Female,86.13.73.206,China,18
343,Nadeen,Kerner,nkerner9i@privacy.gov.au,Female,173.135.66.63,Peru,18
344,Dasha,Lamdin,dlamdin9j@tinyurl.com,Female,121.104.250.184,United States,18
345,Annabella,Stuchbury,astuchbury9k@oaic.gov.au,Female,137.225.207.67,Portugal,18
346,Cami,Geibel,cgeibel9l@bizjournals.com,Female,131.114.133.203,France,18
347,Benny,Tassell,btassell9m@ycombinator.com,Male,50.38.128.123,China,18
348,Barnard,Filoniere,bfiloniere9n@example.com,Male,80.147.254.226,Philippines,18
349,Alex,Grestie,agrestie9o@home.pl,Male,5.219.126.154,Indonesia,18
350,Judith,Form,jform9p@yandex.ru,Female,121.223.33.162,France,18
351,Ailsun,Shipman,ashipman9q@chronoengine.com,Genderfluid,37.223.253.177,Indonesia,18
352,Agnes,Wilce,awilce9r@wix.com,Female,196.192.103.97,China,18
353,Shannan,Siddaley,ssiddaley9s@china.com.cn,Male,238.209.184.19,China,18
354,Luke,Crinson,lcrinson9t@pbs.org,Polygender,17.171.225.128,Indonesia,18
355,Dorey,Dielhenn,ddielhenn9u@marriott.com,Male,199.58.184.97,Ukraine,18
356,Jana,Trownson,jtrownson9v@accuweather.com,Female,160.141.16.197,Israel,18
357,Camile,Galero,cgalero9w@imdb.com,Female,167.154.242.160,Poland,18
358,Leonora,Elwel,lelwel9x@tinypic.com,Female,240.164.107.62,Mauritania,18
359,Ira,Legat,ilegat9y@blogger.com,Male,136.59.183.22,Philippines,18
360,Pauly,McCaffery,pmccaffery9z@zdnet.com,Male,185.26.1.103,Paraguay,18
361,Rozele,Worviell,rworviella0@mayoclinic.com,Female,45.102.132.196,China,18
362,Cordy,Daybell,cdaybella1@behance.net,Female,201.104.148.254,Indonesia,18
363,Donalt,Folbigg,dfolbigga2@usgs.gov,Male,206.36.191.119,Czech Republic,18
364,Shepherd,Kenny,skennya3@pinterest.com,Genderqueer,235.26.173.237,China,18
365,Noe,Cranston,ncranstona4@cbc.ca,Male,247.245.167.188,Indonesia,18
366,Angelina,Fanshaw,afanshawa5@com.com,Female,107.161.174.111,Indonesia,18
367,Gusty,Patinkin,gpatinkina6@arstechnica.com,Female,16.241.19.80,Ukraine,18
368,Langston,McInnes,lmcinnesa7@edublogs.org,Male,105.6.155.204,Philippines,18
369,Mignonne,Eaklee,meakleea8@technorati.com,Female,57.212.85.213,Russia,18
370,Joellyn,Powdrill,jpowdrilla9@phoca.cz,Female,38.197.223.203,Russia,18
371,Lynn,Shipsey,lshipseyaa@geocities.jp,Male,48.67.37.170,Israel,18
372,Norrie,Reuble,nreubleab@php.net,Male,177.186.65.52,Indonesia,18
373,Bernardina,Stronghill,bstronghillac@reddit.com,Female,64.134.237.90,Panama,18
374,Kordula,Jeffrey,kjeffreyad@patch.com,Female,39.170.251.199,Uganda,18
375,Leif,Hause,lhauseae@addthis.com,Male,107.146.255.18,Indonesia,18
376,Cherice,Northeast,cnortheastaf@mashable.com,Female,68.63.72.160,China,18
377,Jyoti,Dressel,jdresselag@foxnews.com,Female,101.120.67.122,Philippines,18
378,Avie,Mewburn,amewburnah@tiny.cc,Female,98.160.64.184,Zambia,18
379,Leanna,Pickburn,lpickburnai@usa.gov,Female,9.190.107.155,Russia,18
380,Lydie,Tumayan,ltumayanaj@amazonaws.com,Female,143.147.160.15,Philippines,18
381,Mersey,Ilchuk,milchukak@microsoft.com,Female,157.15.138.120,Portugal,18
382,Manda,Championnet,mchampionnetal@photobucket.com,Female,65.78.92.153,Portugal,18
383,Gasparo,Waterfall,gwaterfallam@topsy.com,Male,237.10.82.92,China,18
384,Umberto,Ownsworth,uownsworthan@hibu.com,Male,20.73.211.93,China,18
385,Nataline,Alyoshin,nalyoshinao@newsvine.com,Female,97.54.80.250,Indonesia,18
386,Wilmette,Joselevitch,wjoselevitchap@twitpic.com,Genderfluid,244.64.234.207,China,18
387,Mort,Lorrain,mlorrainaq@bigcartel.com,Male,16.103.72.114,China,18
388,Alon,MacKim,amackimar@utexas.edu,Male,164.104.59.72,United States,18
389,Carlotta,Pollitt,cpollittas@jigsy.com,Female,117.72.86.69,Brazil,18
390,Jackquelin,Castana,jcastanaat@narod.ru,Female,120.164.228.206,Indonesia,18
391,Dora,Yearnsley,dyearnsleyau@technorati.com,Female,232.184.169.103,China,18
392,Hedwiga,Heersema,hheersemaav@amazon.de,Female,250.221.159.21,China,18
393,Kathy,Doughty,kdoughtyaw@taobao.com,Female,199.192.165.7,China,18
394,Ly,Tainton,ltaintonax@jalbum.net,Male,245.148.65.72,United States,18
395,Graeme,Gatecliff,ggatecliffay@bravesites.com,Male,34.32.224.152,Portugal,18
396,Baillie,De Maria,bdemariaaz@oakley.com,Male,130.186.204.206,Colombia,18
397,Aleksandr,Derye-Barrett,aderyebarrettb0@angelfire.com,Male,116.147.208.232,Sweden,18
398,Elisa,Manuele,emanueleb1@marketwatch.com,Genderqueer,120.226.241.165,Czech Republic,18
399,Bogey,Kepp,bkeppb2@bbc.co.uk,Male,134.20.237.222,Finland,18
400,Rolland,Ketch,rketchb3@dagondesign.com,Male,78.95.78.122,Philippines,18
401,Raffarty,Littrell,rlittrellb4@alexa.com,Male,91.71.128.10,Mexico,18
402,Katharina,Littlecote,klittlecoteb5@opensource.org,Female,209.48.191.218,Thailand,18
403,Lambert,Tacey,ltaceyb6@infoseek.co.jp,Male,207.43.69.231,Finland,18
404,Alisa,Curman,acurmanb7@myspace.com,Female,254.199.230.71,Indonesia,18
405,Lesli,Shoebrook,lshoebrookb8@epa.gov,Female,205.0.128.36,Macedonia,18
406,Ty,Rylance,trylanceb9@ihg.com,Male,183.74.156.116,United States,18
407,Ruthi,Becerra,rbecerraba@ox.ac.uk,Female,147.145.224.195,Indonesia,18
408,Nathalie,Aujean,naujeanbb@usnews.com,Female,142.149.92.57,Brazil,18
409,Lorelei,Idiens,lidiensbc@shinystat.com,Genderqueer,175.42.158.244,Indonesia,18
410,Gwennie,O'Keevan,gokeevanbd@indiatimes.com,Female,153.241.163.207,Philippines,18
411,Odey,Brunsen,obrunsenbe@t-online.de,Male,172.100.234.125,Thailand,18
412,Tad,McMurty,tmcmurtybf@umn.edu,Male,40.43.191.55,Ireland,18
413,Berna,Triggle,btrigglebg@smugmug.com,Female,245.121.186.164,Russia,18
414,Puff,Summerson,psummersonbh@washington.edu,Male,109.216.160.190,Peru,18
415,Flo,Mussetti,fmussettibi@gravatar.com,Female,119.40.240.106,Syria,18
416,Krista,Noorwood,knoorwoodbj@auda.org.au,Non-binary,113.237.42.185,Egypt,18
417,Coraline,Syres,csyresbk@zimbio.com,Female,241.173.254.134,Indonesia,18
418,Lindsey,Rye,lryebl@wunderground.com,Female,246.106.242.146,Nigeria,18
419,Gwyneth,Ouldcott,gouldcottbm@usda.gov,Female,195.88.223.128,Ukraine,18
420,Kimmie,Willmot,kwillmotbn@1und1.de,Female,96.116.21.109,China,18
421,Archie,Fenwick,afenwickbo@addthis.com,Male,73.151.201.66,China,18
422,Henryetta,Mounce,hmouncebp@amazon.co.jp,Non-binary,99.222.10.23,Philippines,18
423,Karim,Getty,kgettybq@npr.org,Male,94.67.163.67,Malaysia,18
424,Bren,Duckerin,bduckerinbr@webmd.com,Male,66.74.248.47,Portugal,18
425,Munroe,Swainger,mswaingerbs@wp.com,Male,250.10.102.149,China,18
426,Hodge,Hartas,hhartasbt@ucoz.com,Male,235.195.90.148,Serbia,18
427,Camellia,Sayes,csayesbu@exblog.jp,Female,234.220.55.209,Laos,18
428,Thaine,Billes,tbillesbv@marriott.com,Male,6.119.48.239,Greece,18
429,Skell,Clemente,sclementebw@netlog.com,Male,19.234.165.22,Indonesia,18
430,Bearnard,Kirvell,bkirvellbx@sfgate.com,Male,23.187.85.245,Tanzania,18
431,Fraser,Enders,fendersby@si.edu,Male,208.148.117.191,Portugal,18
432,Seamus,Barroux,sbarrouxbz@infoseek.co.jp,Male,73.125.101.26,United States,18
433,Catlaina,Burkitt,cburkittc0@flickr.com,Female,1.135.204.111,South Africa,18
434,Coraline,Mapowder,cmapowderc1@ucoz.com,Female,13.16.112.69,United States,18
435,Jed,Dufour,jdufourc2@list-manage.com,Male,214.87.85.153,United States,18
436,Giselbert,Dykas,gdykasc3@mediafire.com,Male,121.69.55.7,China,18
437,Linnell,Lansberry,llansberryc4@bloomberg.com,Female,27.166.211.209,Nigeria,18
438,Celestia,Place,cplacec5@kickstarter.com,Female,120.142.84.78,Indonesia,18
439,Carlie,Cowins,ccowinsc6@issuu.com,Female,66.129.6.13,Nigeria,18
440,Laurent,Micheli,lmichelic7@discovery.com,Genderfluid,249.48.195.222,Sweden,18
441,Collete,Volonte,cvolontec8@webmd.com,Female,241.60.160.253,Brazil,18
442,Dion,Larvin,dlarvinc9@digg.com,Male,237.246.63.82,Croatia,18
443,Francis,Stilgo,fstilgoca@theglobeandmail.com,Male,114.38.180.228,Israel,18
444,Ernie,Akaster,eakastercb@imgur.com,Male,151.28.12.9,Russia,18
445,Heloise,Mahody,hmahodycc@irs.gov,Female,114.234.111.226,Portugal,18
446,Janelle,Glassborow,jglassborowcd@blogs.com,Female,175.241.215.56,Brazil,18
447,Rockwell,Zum Felde,rzumfeldece@pinterest.com,Male,182.235.101.110,France,18
448,Ania,McAlinion,amcalinioncf@google.pl,Female,142.34.209.140,China,18
449,Tobit,Sesons,tsesonscg@163.com,Male,211.234.26.40,Czech Republic,18
450,Vivie,Passingham,vpassinghamch@google.de,Female,0.203.114.143,Mauritius,18
451,Lizbeth,Keith,lkeithci@constantcontact.com,Female,34.216.77.112,Russia,18
452,Rhett,Collough,rcolloughcj@amazon.co.uk,Male,204.10.146.166,Honduras,18
453,Yankee,Clericoates,yclericoatesck@sina.com.cn,Male,132.119.100.199,Colombia,18
454,Kendra,Marritt,kmarrittcl@zimbio.com,Female,251.47.121.79,Peru,18
455,Nanine,Raise,nraisecm@dell.com,Female,19.191.155.127,Sweden,18
456,Christie,McLeish,cmcleishcn@oaic.gov.au,Female,48.200.192.45,Palestinian Territory,18
457,Stan,Rodway,srodwayco@canalblog.com,Male,119.140.13.133,American Samoa,18
458,Heloise,Seamons,hseamonscp@nifty.com,Female,222.87.108.31,China,18
459,Sari,Norcock,snorcockcq@blogtalkradio.com,Non-binary,145.130.177.45,Indonesia,18
460,Alexander,Lockhead,alockheadcr@t.co,Male,226.182.121.183,Indonesia,18
461,Elwira,Benedick,ebenedickcs@purevolume.com,Female,162.56.68.12,Indonesia,18
462,Reina,Mayou,rmayouct@meetup.com,Female,129.147.45.241,Russia,18
463,Neala,Lowy,nlowycu@php.net,Female,226.122.172.48,Russia,18
464,Alon,Pleasaunce,apleasauncecv@quantcast.com,Male,159.111.44.172,Thailand,18
465,Gayelord,Edling,gedlingcw@quantcast.com,Male,233.189.44.86,China,18
466,Rudy,Skilling,rskillingcx@tinypic.com,Male,198.142.162.89,China,18
467,Brant,McEachern,bmceacherncy@dell.com,Male,206.206.143.8,Indonesia,18
468,Pieter,Terbeck,pterbeckcz@mit.edu,Male,49.4.109.195,Argentina,18
469,Vin,Tofts,vtoftsd0@squarespace.com,Female,194.86.36.139,Peru,18
470,Godart,Bowler,gbowlerd1@t-online.de,Male,28.167.15.61,Portugal,18
471,Ebony,Tidd,etiddd2@eventbrite.com,Female,196.106.68.66,Greece,18
472,Hobart,Mougeot,hmougeotd3@twitter.com,Male,23.36.2.28,Philippines,18
473,Nicko,Serle,nserled4@ycombinator.com,Male,103.149.207.120,Chad,18
474,Quill,Neaverson,qneaversond5@dailymotion.com,Male,180.194.155.202,China,18
475,Fiann,Asken,faskend6@youtu.be,Female,178.177.110.173,Thailand,18
476,Pierre,Simpson,psimpsond7@github.com,Male,43.223.139.248,Portugal,18
477,Roddie,Olyff,rolyffd8@yelp.com,Male,120.149.46.91,Norway,18
478,Truda,Alderson,taldersond9@so-net.ne.jp,Female,217.45.208.185,Czech Republic,18
479,Elke,Doorbar,edoorbarda@seesaa.net,Female,244.215.182.188,Indonesia,18
480,Salem,Wahlberg,swahlbergdb@tuttocitta.it,Male,229.10.123.165,South Korea,18
481,Clyve,Jimmison,cjimmisondc@oakley.com,Male,66.105.62.230,Trinidad and Tobago,18
482,Dael,Davern,ddaverndd@princeton.edu,Male,219.234.255.201,Poland,18
483,Vivien,Aveson,vavesonde@discovery.com,Female,79.152.28.10,Philippines,18
484,Montgomery,Macon,mmacondf@cpanel.net,Male,20.68.104.71,Japan,18
485,Vicki,Kirwan,vkirwandg@harvard.edu,Female,40.68.56.205,Sweden,18
486,Babita,Abbett,babbettdh@bbb.org,Polygender,223.249.212.125,Yemen,18
487,Willi,Baughen,wbaughendi@bravesites.com,Male,142.243.79.248,Czech Republic,18
488,Boycie,Napolitano,bnapolitanodj@gnu.org,Male,135.112.88.129,Tanzania,18
489,Corri,Ridesdale,cridesdaledk@washingtonpost.com,Female,6.149.59.34,New Zealand,25
490,Saunders,Ferfulle,sferfulledl@diigo.com,Male,248.24.220.195,Indonesia,25
491,Ronnica,Galey,rgaleydm@sun.com,Female,230.76.130.245,Brazil,25
492,Sigismundo,Moorfield,smoorfielddn@blogger.com,Male,72.148.2.175,Philippines,25
493,Johnathan,Snedker,jsnedkerdo@google.it,Male,219.197.195.93,Philippines,25
494,Kenny,Standring,kstandringdp@businessinsider.com,Male,113.248.119.241,China,25
495,Colly,Sambrok,csambrokdq@nps.gov,Female,155.122.173.7,France,25
496,Genovera,O' Cloney,gocloneydr@timesonline.co.uk,Female,66.68.139.118,China,25
497,Pearline,Foxwell,pfoxwellds@soup.io,Female,194.154.210.138,Poland,25
498,Grace,Sukbhans,gsukbhansdt@cornell.edu,Female,87.151.196.254,Tanzania,25
499,Ram,Brame,rbramedu@woothemes.com,Male,249.114.125.128,United States,25
500,Isaac,Franc,ifrancdv@google.it,Male,37.245.178.115,Philippines,25
501,Crin,Tattoo,ctattoodw@netscape.com,Female,165.59.220.208,Czech Republic,25
502,Crissie,Tewelson,ctewelsondx@naver.com,Female,126.183.81.141,Indonesia,25
503,Ania,Mushet,amushetdy@oaic.gov.au,Female,28.73.95.221,France,25
504,Rolland,Izacenko,rizacenkodz@unblog.fr,Male,24.135.62.2,Sweden,25
505,Maryjane,Brazil,mbrazile0@illinois.edu,Female,195.209.12.9,Brazil,25
506,Mella,Speers,mspeerse1@cloudflare.com,Female,54.219.140.154,Portugal,25
507,Hally,Aikman,haikmane2@behance.net,Female,220.36.171.63,Indonesia,25
508,Aymer,Lamplugh,alamplughe3@jimdo.com,Male,233.224.177.78,Nigeria,25
509,Pietra,Dodshon,pdodshone4@drupal.org,Female,245.162.131.131,Indonesia,25
510,Caspar,Brach,cbrache5@blinklist.com,Male,128.237.87.164,Indonesia,25
511,Raquela,Peret,rperete6@cpanel.net,Genderfluid,229.157.216.57,Sweden,25
512,Chrisse,Dowson,cdowsone7@bravesites.com,Male,238.230.165.107,Peru,25
513,Pattin,Olsen,polsene8@blogger.com,Male,11.80.45.222,China,25
514,Clay,Maharey,cmahareye9@aboutads.info,Male,28.149.57.155,United States,25
515,Romonda,Dillow,rdillowea@fda.gov,Female,91.151.230.55,Tunisia,25
516,Deena,Bassano,dbassanoeb@facebook.com,Female,15.123.195.68,Indonesia,25
517,Minnaminnie,Warnes,mwarnesec@whitehouse.gov,Female,195.116.77.22,Philippines,25
518,Conni,Saggers,csaggersed@google.nl,Female,70.148.38.117,China,25
519,Zak,Benmore,zbenmoreee@si.edu,Male,197.163.101.129,Brazil,25
520,Ber,McEnteggart,bmcenteggartef@bing.com,Non-binary,40.33.145.86,South Africa,25
521,Glendon,Cleminson,gcleminsoneg@amazon.de,Male,31.9.191.41,Tanzania,25
522,Silvia,Blasetti,sblasettieh@ebay.co.uk,Female,203.25.80.153,Sweden,25
523,Panchito,Adlam,padlamei@cmu.edu,Male,88.241.3.205,China,25
524,Robert,Hylands,rhylandsej@vkontakte.ru,Male,219.205.212.118,Australia,25
525,Mallissa,Dumini,mduminiek@mapquest.com,Female,39.174.88.72,Greece,25
526,Edna,Capes,ecapesel@xinhuanet.com,Female,184.188.97.89,Slovenia,25
527,Nichole,Lemery,nlemeryem@1688.com,Male,167.51.120.21,Brazil,25
528,Emelia,Veare,eveareen@twitpic.com,Female,160.167.45.251,Czech Republic,25
529,Harmony,Pietrowicz,hpietrowiczeo@fotki.com,Female,178.168.39.76,Poland,25
530,Dolf,Eck,deckep@go.com,Male,127.61.122.91,Colombia,25
531,Jodee,Holwell,jholwelleq@va.gov,Female,27.11.56.159,Indonesia,25
532,Cazzie,Coleborn,ccoleborner@businessweek.com,Genderfluid,216.123.222.126,Slovenia,25
533,Sharlene,Croasdale,scroasdalees@paginegialle.it,Female,120.93.204.29,Wallis and Futuna,25
534,Ellis,Amoore,eamooreet@icq.com,Male,142.29.68.116,Philippines,25
535,Catlin,Wiggans,cwigganseu@blogtalkradio.com,Female,80.214.56.186,Colombia,25
536,Cori,Simonite,csimoniteev@wsj.com,Female,78.183.86.216,Indonesia,25
537,Marshall,Shapero,mshaperoew@google.de,Male,71.143.109.97,Japan,25
538,Tracee,Arangy,tarangyex@booking.com,Female,235.19.145.124,Portugal,25
539,Nicki,Tunney,ntunneyey@irs.gov,Female,91.116.24.160,Philippines,25
540,Halli,Larroway,hlarrowayez@networksolutions.com,Bigender,31.107.128.225,Kosovo,25
541,Noami,Connick,nconnickf0@archive.org,Polygender,203.236.41.111,Palestinian Territory,25
542,Rossie,Hultberg,rhultbergf1@time.com,Male,208.63.44.235,Russia,25
543,Kalli,Soles,ksolesf2@independent.co.uk,Female,125.252.227.72,China,25
544,Rollin,Corington,rcoringtonf3@ezinearticles.com,Agender,208.185.253.109,Russia,25
545,Lyndsey,Bewlay,lbewlayf4@nps.gov,Female,249.202.189.37,Ecuador,25
546,Elaina,Cranson,ecransonf5@salon.com,Female,5.23.93.24,Kyrgyzstan,25
547,Waneta,Fludder,wfludderf6@wordpress.com,Female,126.0.133.75,Iraq,25
548,Andre,O'Currane,aocurranef7@simplemachines.org,Male,7.37.153.114,Poland,25
549,Annalise,Durie,adurief8@phoca.cz,Female,45.221.31.12,Libya,25
550,Gardener,Gornal,ggornalf9@ucoz.com,Male,19.115.167.38,Taiwan,25
551,Rudolfo,Hodjetts,rhodjettsfa@cafepress.com,Male,191.56.16.248,Czech Republic,25
552,Geoffry,Ruselin,gruselinfb@tiny.cc,Male,149.182.46.35,Philippines,25
553,Danila,Brennenstuhl,dbrennenstuhlfc@livejournal.com,Female,23.186.95.197,Poland,25
554,Ashton,Tomeo,atomeofd@quantcast.com,Male,22.38.174.80,China,25
555,Shannan,Appleyard,sappleyardfe@google.com.au,Agender,241.108.47.66,Russia,25
556,Ollie,Sparrowe,osparroweff@mtv.com,Female,221.122.252.50,France,25
557,Jard,Stryde,jstrydefg@pcworld.com,Male,117.154.106.143,Montenegro,25
558,Rogers,Wimlet,rwimletfh@etsy.com,Male,171.130.32.159,Botswana,25
559,Estevan,Cornner,ecornnerfi@wsj.com,Male,112.98.226.213,Indonesia,25
560,Aggi,Yearron,ayearronfj@alibaba.com,Female,142.163.99.111,Indonesia,25
561,Elliott,Popescu,epopescufk@amazonaws.com,Male,60.24.156.108,China,25
562,Pavla,Gatecliffe,pgatecliffefl@creativecommons.org,Female,120.69.30.78,France,25
563,Agustin,Norgan,anorganfm@ed.gov,Male,211.244.187.241,Russia,25
564,Selia,Le Houx,slehouxfn@theatlantic.com,Female,103.153.211.253,China,25
565,Nealy,Ricker,nrickerfo@google.cn,Male,90.208.19.209,Sweden,25
566,Tessi,Egginson,tegginsonfp@youku.com,Agender,213.42.246.187,Costa Rica,25
567,Felicio,Mollin,fmollinfq@slashdot.org,Male,70.5.96.8,Ethiopia,25
568,Richard,Grolmann,rgrolmannfr@github.com,Male,151.94.152.214,China,25
569,Gianni,Whiteley,gwhiteleyfs@jigsy.com,Male,58.148.240.245,Brazil,25
570,Keri,Jardine,kjardineft@eventbrite.com,Female,96.104.33.26,Nigeria,25
571,Nancy,Dabrowski,ndabrowskifu@craigslist.org,Female,244.196.29.196,Thailand,25
572,Abner,Abrahart,aabrahartfv@dailymail.co.uk,Male,193.19.45.47,Russia,25
573,Lon,Walford,lwalfordfw@list-manage.com,Male,241.56.163.191,Brazil,25
574,Griff,Malbon,gmalbonfx@un.org,Male,69.252.54.48,Macedonia,25
575,Neron,Southerill,nsoutherillfy@about.com,Male,41.27.242.251,Indonesia,25
576,Oriana,Cardenoza,ocardenozafz@soup.io,Female,182.239.209.41,New Zealand,25
577,Augustin,Maryet,amaryetg0@com.com,Male,144.193.240.174,Russia,25
578,Harbert,Testin,htesting1@hostgator.com,Male,174.12.234.188,Thailand,25
579,Garwin,Ambrogi,gambrogig2@dmoz.org,Male,231.197.220.24,Indonesia,25
580,Mercedes,Colvie,mcolvieg3@hostgator.com,Female,49.97.131.34,China,25
581,Mara,Gouthier,mgouthierg4@qq.com,Female,186.13.250.83,Indonesia,25
582,Ania,Empringham,aempringhamg5@tuttocitta.it,Female,225.129.91.203,Ukraine,25
583,Gaylord,Heighton,gheightong6@ucoz.ru,Male,147.158.90.45,Kenya,25
584,Pete,O'Dowling,podowlingg7@theguardian.com,Male,186.57.214.193,Russia,25
585,Goraud,Dane,gdaneg8@blogger.com,Male,129.145.42.78,Russia,25
586,Carine,Yelding,cyeldingg9@live.com,Female,231.152.24.149,Japan,25
587,Paige,Coleson,pcolesonga@goo.gl,Male,187.117.37.227,Nigeria,25
588,Rosamond,Schirach,rschirachgb@privacy.gov.au,Female,140.73.212.109,Indonesia,25
589,Franky,Revens,frevensgc@aol.com,Male,161.97.72.153,Latvia,25
590,Tove,Millgate,tmillgategd@hatena.ne.jp,Female,22.92.76.110,Nigeria,25
591,Betta,Sulman,bsulmange@statcounter.com,Genderfluid,110.30.195.170,Indonesia,25
592,Dinny,Filyaev,dfilyaevgf@shareasale.com,Female,184.57.17.131,France,25
593,Ilene,Oldmeadow,ioldmeadowgg@accuweather.com,Female,27.13.10.166,Morocco,25
594,Eustacia,Cordle,ecordlegh@feedburner.com,Female,28.235.254.164,Sweden,25
595,Clevey,Lichtfoth,clichtfothgi@ocn.ne.jp,Male,69.24.210.54,China,25
596,Manuel,Warlow,mwarlowgj@deliciousdays.com,Male,118.23.101.45,Philippines,25
597,Rivkah,Zorener,rzorenergk@eepurl.com,Female,23.18.88.3,Iraq,25
598,Celine,Joskowitz,cjoskowitzgl@discovery.com,Female,130.17.83.159,Brazil,25
599,Petronille,Cleaver,pcleavergm@youtu.be,Female,136.184.225.0,Indonesia,25
600,Coreen,Gummow,cgummowgn@opensource.org,Female,137.205.111.87,Philippines,25
601,Lilyan,Laugherane,llaugheranego@discuz.net,Female,255.255.214.71,Canada,25
602,Gui,Mardling,gmardlinggp@freewebs.com,Female,26.196.162.138,Japan,25
603,Vittoria,Spritt,vsprittgq@behance.net,Female,50.79.55.59,Peru,25
604,Evyn,Marian,emariangr@theatlantic.com,Male,108.139.122.3,Russia,25
605,Chrisy,Wildbore,cwildboregs@ifeng.com,Male,121.77.4.143,Mali,25
606,Stanton,McVeighty,smcveightygt@tiny.cc,Male,4.115.103.209,Sweden,25
607,Jourdain,Dayne,jdaynegu@desdev.cn,Male,105.243.186.115,France,25
608,Duncan,Wilshire,dwilshiregv@smh.com.au,Male,87.41.147.234,Philippines,25
609,Eryn,Bern,eberngw@nps.gov,Female,157.88.128.64,France,25
610,Ezra,Weedall,eweedallgx@sitemeter.com,Male,38.241.232.53,Indonesia,25
611,Peadar,Tuff,ptuffgy@behance.net,Male,245.40.202.94,Poland,25
612,Fannie,Perfitt,fperfittgz@tinyurl.com,Female,67.154.130.45,United Kingdom,25
613,Gawain,Filipovic,gfilipovich0@auda.org.au,Male,35.24.149.181,Russia,25
614,Jamie,Christol,jchristolh1@storify.com,Female,42.35.241.61,Ukraine,25
615,Ginevra,Grinley,ggrinleyh2@cafepress.com,Genderqueer,179.155.235.0,Thailand,25
616,Lazarus,Torbett,ltorbetth3@telegraph.co.uk,Male,137.163.11.241,Albania,25
617,Corrinne,Maudson,cmaudsonh4@china.com.cn,Female,172.242.199.71,Palestinian Territory,25
618,Mycah,Pavolillo,mpavolilloh5@webs.com,Male,225.147.75.17,Brazil,25
619,Obie,McCullum,omccullumh6@upenn.edu,Male,154.154.59.39,China,25
620,Cris,Cornbell,ccornbellh7@toplist.cz,Male,47.178.231.108,Azerbaijan,25
621,Ahmad,Turbat,aturbath8@ycombinator.com,Male,37.157.38.238,Indonesia,25
622,Trina,Tunmore,ttunmoreh9@nsw.gov.au,Female,218.130.115.97,China,25
623,Anne-marie,Jacson,ajacsonha@thetimes.co.uk,Female,226.77.62.191,Indonesia,25
624,Devondra,Diem,ddiemhb@state.tx.us,Female,58.231.21.87,Poland,25
625,Moyna,Mowsley,mmowsleyhc@nhs.uk,Female,78.144.9.213,Sweden,25
626,Desmund,Dainton,ddaintonhd@google.com,Male,154.110.49.96,Argentina,25
627,Allyce,Drinkhill,adrinkhillhe@sciencedaily.com,Female,101.133.158.59,Sweden,25
628,Colver,Lamming,clamminghf@ftc.gov,Non-binary,200.198.163.178,Ghana,25
629,Margie,Toffanini,mtoffaninihg@constantcontact.com,Polygender,166.243.216.153,Indonesia,25
630,Glennie,Airth,gairthhh@bandcamp.com,Female,99.69.39.2,Russia,25
631,Desi,Burrass,dburrasshi@si.edu,Male,206.244.231.115,Honduras,25
632,Bartholomeus,Poole,bpoolehj@eepurl.com,Male,136.212.240.76,Ethiopia,25
633,Bren,Dayley,bdayleyhk@123-reg.co.uk,Female,167.217.142.246,France,25
634,Marigold,Mistry,mmistryhl@fema.gov,Female,140.134.228.36,Brazil,25
635,Roda,Malkinson,rmalkinsonhm@icio.us,Female,52.204.68.230,China,25
636,Penrod,Sheilds,psheildshn@stumbleupon.com,Genderqueer,0.224.72.249,Seychelles,25
637,Merl,Verson,mversonho@weather.com,Female,150.224.32.174,China,25
638,Holli,Marchington,hmarchingtonhp@amazon.co.jp,Female,73.209.114.213,Vietnam,25
639,Maurise,Dorracott,mdorracotthq@reddit.com,Male,56.183.106.159,Indonesia,25
640,Lazar,Kohrding,lkohrdinghr@engadget.com,Male,196.85.122.75,United States,25
641,Roby,Fidele,rfidelehs@tuttocitta.it,Female,160.205.239.231,Panama,25
642,Mano,Kopp,mkoppht@cnet.com,Male,104.96.117.34,France,25
643,Witty,Gullivent,wgulliventhu@mapy.cz,Male,96.132.169.243,Poland,25
644,Gabriell,Padbery,gpadberyhv@hugedomains.com,Female,86.134.164.99,Croatia,25
645,Doris,Cosens,dcosenshw@walmart.com,Female,187.191.13.243,Canada,25
646,Chuck,Balm,cbalmhx@wisc.edu,Male,232.120.5.114,China,25
647,Sileas,Salamon,ssalamonhy@hhs.gov,Female,193.164.35.100,China,25
648,Merle,Jonsson,mjonssonhz@squarespace.com,Male,18.123.177.3,Hong Kong,25
649,Blondell,Shearstone,bshearstonei0@themeforest.net,Genderfluid,20.139.106.203,North Korea,25
650,Killy,Southerell,ksoutherelli1@e-recht24.de,Male,78.185.59.208,Russia,25
651,Zane,Grimolbie,zgrimolbiei2@bravesites.com,Male,246.76.61.83,Colombia,25
652,Norris,Petersen,npeterseni3@t-online.de,Male,248.237.146.16,Peru,25
653,Corbie,Hurcombe,churcombei4@squarespace.com,Male,5.100.177.6,China,25
654,Ofella,Foulgham,ofoulghami5@w3.org,Female,49.191.207.123,Indonesia,25
655,Eliot,MacCarrane,emaccarranei6@360.cn,Male,171.124.119.90,Venezuela,25
656,Griselda,Tolmie,gtolmiei7@go.com,Female,60.241.18.251,Netherlands,25
657,Bourke,Fairn,bfairni8@pinterest.com,Male,219.174.182.135,Russia,25
658,Jasmine,Shirtliff,jshirtliffi9@stumbleupon.com,Female,167.199.35.117,Malaysia,25
659,Julian,Ohms,johmsia@time.com,Male,102.96.199.145,Cameroon,25
660,Sibel,Townley,stownleyib@youku.com,Female,245.22.110.92,Pakistan,25
661,Minnaminnie,Goldstraw,mgoldstrawic@flavors.me,Female,213.59.53.59,Bolivia,25
662,Wileen,Waye,wwayeid@sourceforge.net,Female,174.245.130.100,Czech Republic,25
663,Johnath,Ludlow,jludlowie@princeton.edu,Female,79.130.81.12,Brazil,25
664,Zoe,Laybourn,zlaybournif@unesco.org,Female,153.159.183.195,Russia,25
665,Cosme,Wash,cwashig@booking.com,Male,223.101.228.181,North Korea,25
666,Bartholomeo,Enrietto,benriettoih@jiathis.com,Male,67.129.118.83,Brazil,25
667,Lezlie,Westfalen,lwestfalenii@sakura.ne.jp,Polygender,90.201.237.220,Russia,25
668,Doloritas,MacDowal,dmacdowalij@springer.com,Female,173.102.38.107,China,25
669,Aurelia,Swadling,aswadlingik@istockphoto.com,Female,79.162.83.133,Indonesia,25
670,Prinz,Poschel,pposchelil@businessweek.com,Male,15.226.5.162,Portugal,25
671,Bili,Trump,btrumpim@delicious.com,Female,194.152.170.48,Indonesia,25
672,Cleavland,McGinnell,cmcginnellin@sbwire.com,Male,83.200.34.232,Portugal,25
673,Irina,Molnar,imolnario@taobao.com,Genderqueer,138.1.103.214,China,25
674,Delinda,Gatland,dgatlandip@bloglovin.com,Female,63.183.150.166,South Africa,25
675,Margy,Skones,mskonesiq@sourceforge.net,Female,159.122.208.179,China,25
676,Leonid,Sidsaff,lsidsaffir@usnews.com,Male,121.212.122.128,United States,25
677,Geoffry,Hildrew,ghildrewis@google.it,Male,99.50.188.91,China,25
678,Fair,Stanlick,fstanlickit@deviantart.com,Genderqueer,143.203.198.142,Canada,25
679,Fredrick,Basey,fbaseyiu@w3.org,Male,177.170.109.146,China,25
680,Mozes,Waeland,mwaelandiv@epa.gov,Male,89.12.100.180,Vietnam,25
681,Annabella,Warboy,awarboyiw@nymag.com,Female,25.68.51.162,Colombia,25
682,Betty,Vedntyev,bvedntyevix@dion.ne.jp,Female,236.188.17.118,Greece,25
683,Bran,Clew,bclewiy@blogger.com,Male,65.30.206.187,Indonesia,25
684,Sylas,Rosebotham,srosebothamiz@google.de,Male,11.5.188.203,Indonesia,25
685,Elaine,Staunton,estauntonj0@walmart.com,Female,105.185.228.105,Russia,25
686,Denny,Spilsted,dspilstedj1@twitter.com,Male,203.139.58.204,Lithuania,25
687,Cati,Tearny,ctearnyj2@themeforest.net,Female,90.227.235.141,United States,25
688,Melonie,Thring,mthringj3@ucoz.com,Female,148.62.202.211,Sweden,25
689,Tanny,Urch,turchj4@ted.com,Male,0.160.154.56,Nigeria,25
690,Woodman,Bradforth,wbradforthj5@usnews.com,Male,143.77.13.253,Indonesia,25
691,Theresita,Vasovic,tvasovicj6@icio.us,Genderfluid,133.118.130.208,Tonga,25
692,Nicol,Probin,nprobinj7@ocn.ne.jp,Female,59.201.144.33,China,25
693,Zorana,Leatt,zleattj8@printfriendly.com,Genderqueer,155.109.221.197,China,25
694,Burnard,Bethell,bbethellj9@chron.com,Male,229.85.133.131,Thailand,25
695,Nalani,Olner,nolnerja@cdbaby.com,Female,35.97.182.79,Tajikistan,25
696,Catherina,Hillburn,chillburnjb@ow.ly,Agender,217.63.206.165,Peru,25
697,Gill,Lansbury,glansburyjc@mapquest.com,Female,247.144.136.204,China,25
698,Olwen,Orrey,oorreyjd@list-manage.com,Female,205.111.250.63,Nigeria,25
699,Delainey,Corwood,dcorwoodje@slideshare.net,Male,131.234.146.135,Tajikistan,25
700,Silvie,Peres,speresjf@istockphoto.com,Female,253.251.202.184,Thailand,25
701,Evvie,Seery,eseeryjg@huffingtonpost.com,Female,246.245.112.65,United States,25
702,Blakeley,Parken,bparkenjh@tripod.com,Female,59.214.61.133,Indonesia,25
703,Benny,Sellors,bsellorsji@goo.gl,Male,151.191.192.174,Palestinian Territory,25
704,Quincey,Harses,qharsesjj@fotki.com,Male,223.231.64.79,Poland,25
705,Juli,Jurgen,jjurgenjk@pinterest.com,Female,209.117.27.136,Indonesia,25
706,Koral,Alenikov,kalenikovjl@tumblr.com,Female,124.33.236.48,Indonesia,25
707,Toinette,Bernini,tberninijm@drupal.org,Female,29.130.15.254,Colombia,25
708,Jocelyn,Deniscke,jdenisckejn@irs.gov,Female,64.91.199.64,Serbia,25
709,Aleta,Harbard,aharbardjo@hatena.ne.jp,Female,159.168.207.144,Iraq,25
710,Riva,Bertouloume,rbertouloumejp@pagesperso-orange.fr,Female,75.196.188.75,Martinique,25
711,Dorelle,Deavall,ddeavalljq@unesco.org,Female,162.14.12.218,Russia,25
712,Clementine,Bolletti,cbollettijr@clickbank.net,Female,60.27.23.198,China,25
713,Tabb,Roy,troyjs@ifeng.com,Male,241.198.136.130,Russia,25
714,Lotti,McIlharga,lmcilhargajt@sogou.com,Female,74.157.99.214,China,25
715,Malvin,Acedo,macedoju@cyberchimps.com,Male,18.96.211.190,China,25
716,Vance,Hafner,vhafnerjv@accuweather.com,Male,96.95.65.16,Colombia,25
717,Burr,Springthorpe,bspringthorpejw@privacy.gov.au,Male,163.60.220.131,Sweden,25
718,Taffy,Dorrian,tdorrianjx@aol.com,Female,46.147.62.202,Macedonia,25
719,Carl,Ault,caultjy@cisco.com,Bigender,60.78.101.129,Japan,25
720,Chev,Lusgdin,clusgdinjz@paginegialle.it,Male,235.200.95.198,China,25
721,Brandea,Lowndesbrough,blowndesbroughk0@aol.com,Female,130.69.202.63,Poland,25
722,Lorry,McKeever,lmckeeverk1@huffingtonpost.com,Male,36.26.77.142,Indonesia,25
723,Brigid,MacGilpatrick,bmacgilpatrickk2@jimdo.com,Female,247.107.127.59,Indonesia,25
724,Ruby,Hansie,rhansiek3@smh.com.au,Female,183.227.240.65,Portugal,25
725,Ellynn,Playfair,eplayfairk4@apple.com,Female,113.11.186.22,China,25
726,Evelyn,Challicombe,echallicombek5@google.ca,Male,233.189.86.198,Indonesia,25
727,Cleavland,Buesden,cbuesdenk6@addtoany.com,Male,35.31.200.253,Sweden,25
728,Kiley,Royle,kroylek7@utexas.edu,Female,3.221.135.212,South Korea,25
729,Ambrose,Strainge,astraingek8@umich.edu,Male,175.52.46.238,Indonesia,25
730,Sutherland,Pudan,spudank9@lycos.com,Male,135.130.195.10,France,25
731,Chic,Charlson,ccharlsonka@csmonitor.com,Genderfluid,204.242.54.215,Belarus,25
732,Don,Mulvey,dmulveykb@blinklist.com,Male,230.205.121.232,Portugal,25
733,Kori,Cumberlidge,kcumberlidgekc@mediafire.com,Female,33.114.225.239,Vietnam,25
734,Mehetabel,Naisby,mnaisbykd@devhub.com,Female,38.110.127.208,Guatemala,25
735,Merna,Olliar,molliarke@woothemes.com,Female,117.73.99.191,Spain,25
736,Damiano,Chatin,dchatinkf@amazon.de,Male,192.191.110.151,China,25
737,Adora,Griffoen,agriffoenkg@google.ru,Female,117.115.134.39,Portugal,25
738,Linea,Collingdon,lcollingdonkh@godaddy.com,Female,135.32.159.173,Russia,25
739,Brooks,Berston,bberstonki@51.la,Male,249.121.100.113,Mexico,25
740,Petronilla,Cuardall,pcuardallkj@sbwire.com,Female,255.109.209.189,China,25
741,Darrell,Ivins,divinskk@is.gd,Male,59.43.236.252,Mauritius,25
742,Nettle,Hobden,nhobdenkl@exblog.jp,Female,107.84.24.244,Thailand,25
743,Jere,Gilhouley,jgilhouleykm@elegantthemes.com,Male,153.233.183.212,China,25
744,Jacquelynn,Torricina,jtorricinakn@ca.gov,Female,80.104.126.92,Japan,25
745,Silvanus,Rikel,srikelko@utexas.edu,Male,1.102.189.142,China,25
746,William,Croyden,wcroydenkp@merriam-webster.com,Male,9.240.118.179,China,25
747,Hebert,Brough,hbroughkq@dailymail.co.uk,Male,158.78.214.164,Indonesia,25
748,Euphemia,Vesty,evestykr@networksolutions.com,Female,202.248.156.148,China,25
749,Jeanne,McTeague,jmcteagueks@amazon.de,Female,151.243.140.150,South Africa,25
750,Chevy,Abdey,cabdeykt@reuters.com,Male,174.0.153.174,Poland,25
751,Dickie,Nurcombe,dnurcombeku@washington.edu,Male,143.180.128.99,Brazil,25
752,Vita,Stanlick,vstanlickkv@blog.com,Female,203.222.131.22,South Africa,25
753,Karlik,Swithenby,kswithenbykw@lulu.com,Polygender,176.204.57.51,China,25
754,Charlie,Cosslett,ccosslettkx@studiopress.com,Male,31.11.229.25,China,25
755,Alysia,Soggee,asoggeeky@whitehouse.gov,Female,95.139.254.18,United States,25
756,Nellie,Sympson,nsympsonkz@jigsy.com,Female,19.178.67.203,Ukraine,25
757,Dionis,Lanfear,dlanfearl0@hud.gov,Female,240.236.71.160,Honduras,25
758,Rita,Laxton,rlaxtonl1@berkeley.edu,Female,206.248.32.53,Argentina,25
759,Gus,Atlee,gatleel2@china.com.cn,Male,224.138.239.8,Kenya,25
760,Alaster,Sheran,asheranl3@storify.com,Male,228.206.123.194,Poland,25
761,Jessalin,de Clerc,jdeclercl4@mit.edu,Female,246.234.51.30,China,25
762,Edita,O'Dunniom,eodunnioml5@cyberchimps.com,Female,30.155.249.59,Malaysia,25
763,Winifred,Kinneir,wkinneirl6@foxnews.com,Female,250.188.11.147,Netherlands,25
764,Korrie,Konke,kkonkel7@examiner.com,Female,239.1.174.196,Canada,25
765,Caleb,Bridgwater,cbridgwaterl8@rediff.com,Male,6.222.235.192,Egypt,25
766,Beauregard,Calfe,bcalfel9@bloglines.com,Male,180.95.217.124,Brazil,25
767,Di,Mallows,dmallowsla@wired.com,Female,56.24.114.212,Philippines,25
768,Gennie,Billany,gbillanylb@wunderground.com,Female,174.113.233.86,Ireland,25
769,Horatio,Pillifant,hpillifantlc@cargocollective.com,Male,93.52.232.13,Czech Republic,25
770,Cherilynn,Hairsine,chairsineld@google.ca,Female,62.150.173.42,France,25
771,Lenore,Arminger,larmingerle@prnewswire.com,Female,116.141.204.232,Indonesia,25
772,Lilia,Yorston,lyorstonlf@alexa.com,Female,124.163.205.194,Brazil,25
773,Patrizius,Sturrock,psturrocklg@themeforest.net,Male,184.178.130.70,China,25
774,Umeko,Pawlyn,upawlynlh@bravesites.com,Genderqueer,5.116.83.150,China,25
775,Jules,Revington,jrevingtonli@gov.uk,Polygender,34.204.90.71,Indonesia,25
776,Sissy,Hyne,shynelj@ucla.edu,Female,61.37.19.77,Russia,25
777,Lionel,Duffill,lduffilllk@storify.com,Male,177.239.142.195,Philippines,25
778,Carey,Darcy,cdarcyll@wired.com,Female,137.175.60.55,Ukraine,25
779,Helena,Guyonnet,hguyonnetlm@cloudflare.com,Female,177.66.25.6,Argentina,25
780,Arny,Eton,aetonln@engadget.com,Male,144.5.223.70,Ukraine,25
781,Suzanna,De Pero,sdeperolo@51.la,Female,155.13.66.14,Brazil,25
782,Cull,Luddy,cluddylp@is.gd,Male,74.160.9.44,China,25
783,Cecilla,Strelitz,cstrelitzlq@npr.org,Female,22.0.158.110,Portugal,25
784,Clemens,Jeyes,cjeyeslr@disqus.com,Male,237.211.111.19,Bulgaria,25
785,Helli,Mussett,hmussettls@netvibes.com,Female,26.250.240.147,Mexico,25
786,Iorgo,Leggon,ileggonlt@dyndns.org,Male,129.164.61.191,South Africa,25
787,Gabriello,Idale,gidalelu@sciencedirect.com,Male,140.248.184.117,Philippines,25
788,Craig,Leve,clevelv@angelfire.com,Male,168.240.6.67,China,25
789,Dollie,Turtle,dturtlelw@sogou.com,Female,64.97.118.123,South Korea,25
790,Joshuah,Beams,jbeamslx@hubpages.com,Male,59.16.37.252,Sweden,25
791,Gilbertina,Filipchikov,gfilipchikovly@tamu.edu,Female,90.207.81.15,Albania,25
792,Teresita,Roman,tromanlz@bloglovin.com,Female,243.129.130.117,Indonesia,25
793,Krystalle,Splevins,ksplevinsm0@comcast.net,Female,47.81.142.53,China,25
794,Nata,Keerl,nkeerlm1@histats.com,Female,29.119.200.150,Indonesia,25
795,Yelena,Godspede,ygodspedem2@51.la,Female,254.155.59.233,Colombia,25
796,Mitchael,Sansum,msansumm3@nsw.gov.au,Male,143.208.165.29,Brazil,25
797,Alis,Ullock,aullockm4@scientificamerican.com,Female,82.170.10.140,Brazil,25
798,Rafaello,Carlett,rcarlettm5@baidu.com,Male,90.135.38.170,Indonesia,25
799,Irena,Faithorn,ifaithornm6@fda.gov,Female,226.228.123.182,Sweden,25
800,Neysa,Koopman,nkoopmanm7@nyu.edu,Agender,197.186.114.40,United States,25
801,Retha,Conibere,rconiberem8@homestead.com,Female,217.238.240.98,Sweden,25
802,Kiersten,Adamov,kadamovm9@tamu.edu,Female,117.4.180.0,Canada,25
803,Dalt,Aubery,dauberyma@disqus.com,Male,26.197.154.104,Poland,25
804,Violetta,Geldard,vgeldardmb@amazon.co.jp,Female,35.137.233.196,Philippines,25
805,Harcourt,Lothlorien,hlothlorienmc@dyndns.org,Male,59.126.107.254,United States,25
806,Lari,Wimpey,lwimpeymd@noaa.gov,Female,191.92.227.42,Brazil,25
807,Mark,Weblin,mweblinme@nhs.uk,Male,218.81.16.4,Czech Republic,25
808,Elena,Olifard,eolifardmf@hud.gov,Female,106.146.100.72,Japan,25
809,Huntington,Ollerton,hollertonmg@xrea.com,Male,18.124.158.240,Indonesia,25
810,Cleon,Espinosa,cespinosamh@unblog.fr,Male,199.125.86.151,Poland,25
811,Twila,Gillies,tgilliesmi@seattletimes.com,Genderfluid,241.18.62.15,Japan,25
812,Hildy,Laurenz,hlaurenzmj@paypal.com,Female,148.30.94.101,Russia,25
813,Korney,Medcalf,kmedcalfmk@google.com.hk,Female,165.42.57.24,Philippines,25
814,Daven,Follows,dfollowsml@symantec.com,Male,9.123.81.116,Sweden,25
815,Skipper,Bonds,sbondsmm@bloomberg.com,Male,121.116.121.59,Cameroon,25
816,Karolina,Betho,kbethomn@domainmarket.com,Female,152.218.131.127,Indonesia,25
817,Anderson,Titcom,atitcommo@youku.com,Male,106.253.26.140,Macedonia,25
818,Michelina,McKeachie,mmckeachiemp@shareasale.com,Female,70.233.117.64,Poland,25
819,Olwen,Beazley,obeazleymq@buzzfeed.com,Female,98.170.201.128,Brazil,25
820,Jereme,Pembridge,jpembridgemr@dot.gov,Male,209.243.97.18,Venezuela,25
821,Neila,Matchell,nmatchellms@google.com.br,Female,189.135.215.18,Indonesia,25
822,Lynett,Heikkinen,lheikkinenmt@ask.com,Polygender,169.238.41.233,Vietnam,25
823,Dion,Bussel,dbusselmu@tuttocitta.it,Polygender,102.77.240.35,Honduras,25
824,Beatrice,Bice,bbicemv@indiatimes.com,Female,254.223.190.19,China,25
825,Charyl,Larciere,clarcieremw@dailymail.co.uk,Female,163.188.129.130,Macedonia,25
826,Teodorico,Taillard,ttaillardmx@addtoany.com,Male,112.134.205.44,Argentina,25
827,Nicoli,Siggins,nsigginsmy@weibo.com,Female,120.114.48.7,Greece,25
828,Larry,Langfitt,llangfittmz@simplemachines.org,Male,65.78.187.31,Russia,25
829,Ina,Lorenz,ilorenzn0@miibeian.gov.cn,Female,16.73.207.166,Slovenia,25
830,Blaire,Cawt,bcawtn1@comcast.net,Female,221.150.162.4,Thailand,25
831,Elga,Beekman,ebeekmann2@skype.com,Female,206.167.212.49,China,25
832,Ingeberg,Goodsir,igoodsirn3@yellowpages.com,Female,201.146.219.26,China,25
833,Coralyn,Dyte,cdyten4@amazon.co.jp,Female,219.186.147.83,Russia,25
834,Rickey,Ludee,rludeen5@a8.net,Male,104.139.203.1,Malawi,25
835,Carmine,Corser,ccorsern6@pbs.org,Female,237.138.163.154,China,25
836,Celestyna,Wyldes,cwyldesn7@nsw.gov.au,Female,177.1.101.79,Philippines,25
837,Raven,Filipychev,rfilipychevn8@ebay.com,Female,88.19.61.46,Palestinian Territory,25
838,Norina,O'Curneen,nocurneenn9@reuters.com,Female,191.196.69.69,France,25
839,Marcelia,Burnside,mburnsidena@so-net.ne.jp,Female,163.15.131.112,Indonesia,25
840,Iorgo,Callard,icallardnb@networksolutions.com,Male,74.60.160.100,Chad,25
841,May,Jordanson,mjordansonnc@storify.com,Polygender,130.183.22.17,China,25
842,Valene,Ipsgrave,vipsgravend@reverbnation.com,Female,22.94.231.54,Norway,25
843,Rebeka,Huller,rhullerne@cdc.gov,Female,251.67.252.4,Ethiopia,25
844,Rurik,Buncom,rbuncomnf@desdev.cn,Male,239.50.193.176,Poland,25
845,Goddard,Stephenson,gstephensonng@pagesperso-orange.fr,Male,251.175.106.76,Yemen,25
846,Pedro,Crookshanks,pcrookshanksnh@devhub.com,Male,142.166.247.108,China,25
847,Maurita,Awcoate,mawcoateni@is.gd,Female,9.244.124.236,China,25
848,Else,Dumphreys,edumphreysnj@bing.com,Female,15.165.64.82,Indonesia,25
849,Eldridge,Warboys,ewarboysnk@studiopress.com,Male,178.129.60.209,Latvia,25
850,Suzy,Bingall,sbingallnl@house.gov,Female,238.189.139.137,China,25
851,Karmen,Lavielle,klaviellenm@mashable.com,Agender,93.184.104.222,France,25
852,Reggi,Barribal,rbarribalnn@tinyurl.com,Female,193.13.75.232,Namibia,25
853,Jaimie,Brosoli,jbrosolino@bbc.co.uk,Male,101.170.29.20,Sri Lanka,25
854,Bartholomeo,Smaridge,bsmaridgenp@ustream.tv,Male,3.12.21.177,Indonesia,25
855,Tillie,Oxlade,toxladenq@wikia.com,Female,162.166.223.27,France,25
856,Bibi,Gilbertson,bgilbertsonnr@biblegateway.com,Female,185.231.45.73,Dominican Republic,25
857,Cameron,Howroyd,chowroydns@amazon.co.jp,Male,128.35.114.244,Croatia,25
858,Marmaduke,Chellam,mchellamnt@indiegogo.com,Male,150.49.45.253,Peru,25
859,Delly,Ledrun,dledrunnu@msn.com,Female,27.102.116.92,Thailand,25
860,Belva,Vanderson,bvandersonnv@vkontakte.ru,Female,227.223.160.111,Portugal,25
861,Lorant,Livesey,lliveseynw@bloomberg.com,Male,83.24.163.147,Finland,25
862,Lewes,Boatswain,lboatswainnx@oracle.com,Male,124.192.68.52,Indonesia,25
863,Gisela,Coning,gconingny@smugmug.com,Female,100.147.3.158,Poland,25
864,Nadiya,MacAindreis,nmacaindreisnz@over-blog.com,Female,254.126.72.117,Colombia,25
865,Abbe,Lygoe,alygoeo0@reference.com,Female,199.193.44.39,Germany,25
866,Darbee,Umpleby,dumplebyo1@yale.edu,Bigender,50.245.151.2,France,25
867,Pavlov,Kornilov,pkornilovo2@hhs.gov,Male,153.56.71.22,Greece,25
868,Lotty,Whitmarsh,lwhitmarsho3@sciencedaily.com,Female,176.218.244.209,Gambia,25
869,Andra,Erricker,aerrickero4@hc360.com,Female,183.224.150.115,Indonesia,25
870,Scotti,Samms,ssammso5@discuz.net,Male,2.34.59.160,China,25
871,Devonne,Dunstan,ddunstano6@skype.com,Female,175.94.11.135,Russia,25
872,Arley,Thirlwall,athirlwallo7@boston.com,Male,238.223.238.254,Poland,25
873,Lorrie,Glanfield,lglanfieldo8@quantcast.com,Male,122.103.98.114,Philippines,25
874,Sabine,Beecham,sbeechamo9@prweb.com,Female,53.134.60.235,Guatemala,25
875,Seward,Lecky,sleckyoa@noaa.gov,Male,109.95.50.52,Indonesia,25
876,Fawnia,Yerill,fyerillob@admin.ch,Genderqueer,163.25.114.17,Indonesia,25
877,Creigh,Czadla,cczadlaoc@sakura.ne.jp,Male,47.236.184.155,China,25
878,Inez,Redbourn,iredbournod@bizjournals.com,Female,4.53.173.132,El Salvador,25
879,Brandtr,Threadgould,bthreadgouldoe@jiathis.com,Male,241.202.93.135,Vietnam,25
880,Freedman,Atherley,fatherleyof@prweb.com,Male,70.18.99.148,Indonesia,25
881,Lelia,McVaugh,lmcvaughog@sitemeter.com,Female,144.147.3.228,Russia,25
882,Cliff,Lorincz,clorinczoh@uiuc.edu,Male,178.144.20.148,Portugal,25
883,Clyde,Skinner,cskinneroi@nationalgeographic.com,Male,249.195.57.179,Bulgaria,25
884,Honoria,Parzis,hparzisoj@chronoengine.com,Female,153.190.155.90,Indonesia,25
885,Stan,Milner,smilnerok@oracle.com,Male,86.197.231.235,Philippines,25
886,Winne,Doodson,wdoodsonol@ezinearticles.com,Female,44.147.159.188,Brazil,25
887,Gleda,Chipps,gchippsom@amazon.co.jp,Female,50.5.45.42,Indonesia,25
888,Sherill,Lawther,slawtheron@aol.com,Female,223.91.90.147,Macedonia,25
889,Noemi,Fahy,nfahyoo@ehow.com,Female,156.147.32.17,Sweden,25
890,Nathalia,Weare,nweareop@alexa.com,Female,102.36.34.36,China,25
891,Alic,Falconer-Taylor,afalconertayloroq@admin.ch,Male,105.14.211.128,China,25
892,Brewster,Lammiman,blammimanor@craigslist.org,Male,7.224.32.161,Russia,25
893,Andriette,Gallihaulk,agallihaulkos@howstuffworks.com,Female,18.131.144.116,Brazil,25
894,Cinderella,Bigley,cbigleyot@yahoo.com,Female,238.123.255.94,Netherlands,25
895,Stewart,Hurdle,shurdleou@census.gov,Male,190.114.254.77,Colombia,25
896,Verna,Ratray,vratrayov@webnode.com,Female,87.80.200.77,China,25
897,Jaine,Copello,jcopelloow@japanpost.jp,Female,124.56.32.246,China,25
898,Gayler,Ovey,goveyox@businesswire.com,Male,35.66.179.26,South Africa,25
899,Aundrea,Waltho,awalthooy@deliciousdays.com,Female,240.246.27.88,Indonesia,25
900,Gerardo,Merkle,gmerkleoz@mac.com,Male,164.200.199.190,Sweden,25
901,Star,Pashenkov,spashenkovp0@addtoany.com,Female,130.119.185.38,China,25
902,Raquela,Carlucci,rcarluccip1@biglobe.ne.jp,Female,13.195.123.110,Canada,25
903,Nerta,Gainor,ngainorp2@google.com.au,Female,237.216.153.219,Japan,25
904,Panchito,Huggens,phuggensp3@barnesandnoble.com,Male,190.15.236.7,Mauritius,25
905,Karole,Mawne,kmawnep4@lycos.com,Female,50.6.232.203,Mongolia,25
906,Lonee,Brehat,lbrehatp5@about.me,Female,49.197.86.175,China,25
907,Pall,McKeller,pmckellerp6@reuters.com,Male,14.24.219.7,China,25
908,Koren,Ilyinykh,kilyinykhp7@businessweek.com,Female,231.153.1.227,China,25
909,Maxine,Synan,msynanp8@zdnet.com,Female,193.203.255.190,Brazil,25
910,Cyndia,Ferguson,cfergusonp9@bizjournals.com,Female,132.146.112.16,Mongolia,25
911,Brigida,Guidera,bguiderapa@accuweather.com,Non-binary,128.50.69.21,Greece,25
912,Gail,Everson,geversonpb@nasa.gov,Male,103.41.64.7,Ukraine,25
913,Elbert,Halworth,ehalworthpc@diigo.com,Male,123.127.252.171,Portugal,25
914,Heinrik,Fibben,hfibbenpd@sbwire.com,Male,109.96.70.132,Honduras,25
915,Maren,Twaite,mtwaitepe@cyberchimps.com,Female,230.185.194.129,Comoros,25
916,Wolfy,Casterton,wcastertonpf@cmu.edu,Male,243.152.249.136,Indonesia,25
917,Biddy,Peirone,bpeironepg@nps.gov,Female,200.148.166.18,North Korea,25
918,Marie-ann,Dightham,mdighthamph@ted.com,Female,175.148.234.244,Brazil,25
919,Weber,Hansford,whansfordpi@godaddy.com,Male,233.58.165.222,Brazil,25
920,Carce,Almeida,calmeidapj@oracle.com,Male,136.64.166.211,Indonesia,25
921,Emelina,Martinolli,emartinollipk@multiply.com,Non-binary,109.44.46.45,Russia,25
922,Ambur,Bamlett,abamlettpl@go.com,Female,41.219.129.99,Malta,25
923,Del,Oliveras,doliveraspm@bandcamp.com,Male,76.213.160.212,Russia,25
924,Cammie,Ellacott,cellacottpn@usnews.com,Female,116.90.97.61,Myanmar,25
925,Edna,Uttermare,euttermarepo@acquirethisname.com,Female,143.26.124.106,Spain,25
926,Gayle,Beckerleg,gbeckerlegpp@typepad.com,Male,206.59.62.52,Indonesia,25
927,Damon,Strathearn,dstrathearnpq@marketwatch.com,Male,220.11.160.123,China,25
928,Bale,Rossi,brossipr@ovh.net,Male,127.242.128.239,China,25
929,Marcelia,Tizzard,mtizzardps@washington.edu,Female,219.192.85.54,China,25
930,Gearalt,Seward,gsewardpt@businessinsider.com,Male,254.25.209.155,Indonesia,25
931,Claudie,Yelden,cyeldenpu@weebly.com,Female,211.221.200.199,South Africa,25
932,Harriot,Kinlock,hkinlockpv@sciencedirect.com,Female,239.78.253.28,France,25
933,Esme,Claybourn,eclaybournpw@tripadvisor.com,Male,227.163.238.207,China,25
934,Aharon,Minard,aminardpx@domainmarket.com,Male,104.244.94.224,United States,25
935,Alastair,Erlam,aerlampy@addthis.com,Male,86.43.72.139,Russia,25
936,Mischa,Kienzle,mkienzlepz@51.la,Genderfluid,222.111.105.244,Mexico,25
937,Micah,Grisenthwaite,mgrisenthwaiteq0@psu.edu,Bigender,53.107.90.195,Japan,25
938,Garfield,Longforth,glongforthq1@etsy.com,Male,197.85.25.81,Egypt,25
939,Randi,O'Shevlin,roshevlinq2@craigslist.org,Male,61.205.5.94,Ukraine,25
940,Andree,Eagleston,aeaglestonq3@ycombinator.com,Female,36.15.109.136,China,25
941,Jeanna,Brisse,jbrisseq4@utexas.edu,Female,91.122.135.147,Malta,25
942,Irvin,Dome,idomeq5@ustream.tv,Male,181.165.6.111,Japan,25
943,Adolphe,Lewsley,alewsleyq6@mtv.com,Male,35.105.21.75,Venezuela,25
944,Hazlett,Luckett,hluckettq7@ftc.gov,Genderfluid,54.251.243.231,China,25
945,Tawsha,Gillitt,tgillittq8@hubpages.com,Female,78.143.96.162,Latvia,25
946,Read,Ferschke,rferschkeq9@wiley.com,Male,59.100.188.16,China,25
947,Travis,Tick,ttickqa@discuz.net,Male,226.128.246.26,Czech Republic,25
948,Charla,Tooze,ctoozeqb@archive.org,Polygender,94.196.175.129,China,25
949,Faun,Spall,fspallqc@furl.net,Female,223.10.254.152,Estonia,25
950,Garrek,Bitchener,gbitchenerqd@theglobeandmail.com,Male,161.209.65.53,Indonesia,25
951,Fiann,Ricson,fricsonqe@harvard.edu,Female,204.56.109.28,Tanzania,25
952,Sybila,Cocozza,scocozzaqf@github.io,Female,130.245.175.70,Indonesia,25
953,Max,Jovey,mjoveyqg@ibm.com,Female,255.81.216.168,Panama,25
954,Quintus,O' Cloney,qocloneyqh@va.gov,Male,129.71.198.109,Poland,25
955,Nicolis,Bovey,nboveyqi@boston.com,Male,24.50.118.25,Greece,25
956,Dyan,Lyle,dlyleqj@hc360.com,Female,212.68.182.225,Finland,25
957,Krishna,Dexter,kdexterqk@seesaa.net,Male,72.38.68.156,Philippines,25
958,Kelbee,Branchflower,kbranchflowerql@qq.com,Male,69.45.93.210,Russia,25
959,Bernetta,Sarsfield,bsarsfieldqm@examiner.com,Female,195.72.182.68,Peru,25
960,Adan,Coult,acoultqn@meetup.com,Genderqueer,72.185.63.224,Bolivia,25
961,Pavia,Ayer,payerqo@multiply.com,Female,76.134.73.52,France,25
962,Bryana,Pietrzak,bpietrzakqp@unblog.fr,Female,154.163.83.47,Philippines,25
963,Claretta,Breakspear,cbreakspearqq@barnesandnoble.com,Female,158.35.14.103,France,25
964,Josi,Lupson,jlupsonqr@sohu.com,Female,122.97.27.27,Brazil,25
965,Meagan,Steinhammer,msteinhammerqs@mozilla.org,Female,247.77.94.12,Afghanistan,25
966,Cly,Guidini,cguidiniqt@baidu.com,Male,192.162.129.78,China,25
967,Gamaliel,Kingh,gkinghqu@dailymotion.com,Male,244.81.31.182,Tanzania,25
968,Eudora,Volke,evolkeqv@globo.com,Female,5.102.74.174,Spain,25
969,Glory,Goodsir,ggoodsirqw@php.net,Female,211.137.236.177,Russia,25
970,Tucky,Kitchener,tkitchenerqx@drupal.org,Male,3.131.58.189,France,25
971,Neill,Readwood,nreadwoodqy@epa.gov,Male,180.50.71.180,China,25
972,Terese,Copcote,tcopcoteqz@newsvine.com,Female,23.225.198.210,Denmark,25
973,Luther,Cullen,lcullenr0@taobao.com,Male,196.125.127.184,United States,25
974,Nevil,Ingraham,ningrahamr1@ucoz.ru,Male,116.166.86.103,Norway,25
975,Loralie,Pobjoy,lpobjoyr2@plala.or.jp,Female,140.143.98.240,Brazil,25
976,Ophelie,Hundell,ohundellr3@bluehost.com,Female,18.66.204.185,Ukraine,25
977,Amy,Durden,adurdenr4@washingtonpost.com,Female,55.68.214.129,China,25
978,Neal,Tilsley,ntilsleyr5@i2i.jp,Male,130.52.10.31,Canada,25
979,Lucien,Graveston,lgravestonr6@about.me,Male,22.217.78.114,Portugal,25
980,Archibald,Manderson,amandersonr7@nhs.uk,Male,52.64.241.115,China,25
981,Gabie,Penton,gpentonr8@cbc.ca,Male,37.241.88.40,Thailand,25
982,Gun,Binney,gbinneyr9@github.com,Male,118.5.146.160,Morocco,25
983,Patrizius,Giddy,pgiddyra@webmd.com,Male,68.192.211.254,United Kingdom,25
984,Fredrika,Jerwood,fjerwoodrb@theglobeandmail.com,Female,67.194.214.48,Papua New Guinea,25
985,Ethelin,Carine,ecarinerc@opera.com,Female,109.30.17.90,China,25
986,Rafaelia,Filipovic,rfilipovicrd@prnewswire.com,Female,197.19.231.190,Russia,25
987,Vail,Sparkes,vsparkesre@dyndns.org,Male,167.149.206.194,Argentina,25
988,Bernhard,Granham,bgranhamrf@csmonitor.com,Male,79.36.97.155,Ukraine,25
989,Arabelle,Lelande,alelanderg@blogspot.com,Female,101.255.161.254,Lithuania,25
990,Ambrosi,Haggish,ahaggishrh@behance.net,Male,23.191.204.228,Japan,25
991,Philip,Pllu,pplluri@de.vu,Male,58.119.23.37,Russia,25
992,Dredi,Curnnokk,dcurnnokkrj@yellowbook.com,Female,20.168.29.194,Canada,25
993,Valry,Leere,vleererk@alexa.com,Female,155.124.171.115,China,25
994,Drucy,Jados,djadosrl@amazon.de,Female,105.13.202.12,Russia,25
995,Joachim,Frizell,jfrizellrm@etsy.com,Male,251.210.156.137,Poland,25
996,Guglielmo,Landeg,glandegrn@ft.com,Male,235.237.196.96,Greece,25
997,Clari,Chipchase,cchipchasero@smh.com.au,Female,236.202.14.197,Indonesia,25
998,Garek,Briatt,gbriattrp@gov.uk,Male,26.216.165.41,Brazil,25
999,Kippy,Smeeton,ksmeetonrq@xing.com,Female,44.246.201.188,Indonesia,25
1000,Phillida,Jeannenet,pjeannenetrr@ca.gov,Female,184.208.166.133,China,57
